LINE,END_WORD
"Time after time, you been coppin' mine",mine
"Like, ""Can I have a good time at yours tonight?""",tonight
'Cause everytime we try to get close,close
There is always something that I'm thinking about,about
You want me be somebody who I'm really not,not
"A knock at the door, and then we hit the floor",floor
And all I know is that you leave me wanting more,more
"I don't let it show, but I think you know",know
'Cause you're tweeting me like Tweety Bird on your iPhone,iphone
(You want me),me
"XXXO, XXXO",xxxo
"Upload a photo, see below",below
"If you like what you see, you can download and store",store
We can find ways to expand what you know,know
"I can be that actress, you be Tarantino",tarantino
You want me be,be
You want me,me
"I fly like paper, get high like planes",planes
If you catch me at the border I got visas in my name,name
"If you come around here, I make 'em all day",day
I get one done in a second if you wait,wait
Sometimes I think sittin' on trains,trains
Every stop I get to I'm clocking that game,game
"Everyone's a winner, we're making our fame",fame
Bona fide hustler making my name,name
All I wanna do is bang bang bang bang,bang
And click ka-ching,ka ching
And take your money,money
Pirate skulls and bones,bones
Sticks and stones and weed and bongs,bongs
Running when we hit 'em,em
Lethal poison for the system,system
No one on the corner has swagger like us,us
Hit me on my burner prepaid wireless,wireless
We pack and deliver like UPS trucks,trucks
"Already going to hell, just pumping that gas",gas
Third world democracy,democracy
"Yeah, I've got more records than the K.G.B",kgb
"So, uh, no funny business",business
Some some some I some I murder,murder
Some I some I let go,go
"Live fast, die young",young
Bad girls do it well,well
My chain hits my chest,chest
When I'm banging on the dashboard,dashboard
When I'm banging on the radio,radio
"Get back, get down",down
Pull me closer if you think you can hang,hang
"Hands up, hands tied",tied
Don't go screaming if I blow you with a bang,bang
Suki Suki,suki
I'm coming in the Cherokee gasoline,gasoline
There's steam on the window screen,screen
"Take it, take it",it
Wheels bouncing like a trampoline,trampoline
"When I get to where I'm going, gonna have you trembling",trembling
"Yeah back it, back it",it
Yeah pull up to the bumper game,game
Read the signal,signal
"Cover me, cause I'm changing lanes",lanes
Had a handle on it,it
"My life, I broke it",it
"When I get to where I'm going, gonna have you saying it",it
"Hands up, hands high",high
"Going up to bitch I""ll see it for a million",million
Accelerating fast I could do this in a second,second
Looking in the rear view swagger going swell,swell
Leaving boys behind cause it's legal just to kill,kill
Shift gear automatic damned if I do,do
Who's gonna stop me when I'm coming through,through
What we got left is just me and you,you
But if I go to bed baby can I take you?,you
When I'm banging...,banging
"Freedom, 'I'dom, 'Me'dom",medom
Where's your 'We'dom?,wedom
This world needs a brand new 'Re'dom,redom
We'dom - the key,key
We'dom the key'dom to life!,life
Let's be 'dem,dem
We'dom smart phones,phones
Don't be dumb!,dumb
Borders (What's up with that?),that
Politics (What's up with that?),that
Police shots (What's up with that?),that
Identities (What's up with that?),that
Your privilege (What's up with that?),that
Broke people (What's up with that?),that
Boat people (What's up with that?),that
The realness (What's up with that?),that
The new world (What's up with that?),that
Am gonna keep up on all that,that
Guns blow doors to the system,system
Yeah fuck 'em when we say we're not with them,them
We're solid and we don't need to kick them,them
"This is North, South, East and Western",western
Queen (What's up with that?),that
Killing it (What's up with that?),that
Slaying it (What's up with that?),that
Your goals (What's up with that?),that
Being bae (What's up with that?),that
Making money (What's up with that?),that
Breaking internet (What's up with that?),that
Love wins (What's up with that?),that
Living it (What's up with that?),that
Being real (What's up with that?),that
"We representing peeps, they don't play us on the FM",fm
"We talkin' in our sleep, they still listen on a system",system
We sittin' on a stoop,stoop
Where we get a scoop,scoop
This is how we keep it cool,cool
This is how we do,do
Egos (What's up with that?),that
Your values (What's up with that?),that
Your beliefs (What's up with that?),that
Your families (What's up with that?),that
Histories (What's up with that?),that
Your future (What's up with that?),that
My boys (What's up with that?),that
My girls (What's up with that?),that
Freedom (What's up with that?),that
Your power (What's up with that?),that
Gonna keep up on all that,that
Gonna be doing it like that,that
"Yeah, man made powers",powers
"Stood like a tower, higher and higher, hello",hello
"And the higher you go, you feel lower, oh",oh
I was close to the end,end
"Staying undercover, staying undercover",undercover
"With a nose to the ground, I found my sound",sound
Got myself an interview tomorrow,tomorrow
I got myself a jacket for a dollar,dollar
And my nails are chipped but I'm eager,eager
"And the car doesn't work, so I'm stuck here",here
"Yeah, I don't wanna live for tomorrow, I push my life today",today
"I throw this in your face when I see ya, I got something to say",say
I throw this shit in your face when I see ya 'cause I got something to say,say
"I was born free, born free",free
"Born free, born free",free
You could try to find ways to be happier,happier
You might end up somewhere in Ethiopia,ethiopia
You can think big with your idea,idea
You ain't never gonna find Utopia,utopia
"Take a bite out of life, make it snappier, yeah",yeah
Ordinary gone super trippier,trippier
So I check shit 'cause I'm lippier,lippier
And split a Czech like Slovakia,slovakia
I throw this in your face when I see you 'cause I got something to say,say
I throw this shit in your face when I see you,you
'Cause I got something to say,say
I don't wanna talk about money 'cause I got it,it
And I don't wanna talk about hoochies 'cause I been it,it
And I don't wanna be that fake but you can do it,it
"And imitators, yeah, speak it",it
"Oh lord, whoever you are",are
"Yeah, come out wherever you are",are
And tell 'em,em
Check my coat in and I paid the dollar,dollar
"Sidekick rings, ""What's up?"", holla",holla
"Text the address, I'll see you later",later
"Baby, come down",down
"Come down, come down, come down",down
"Run down, run down, run down",down
"Run, make a run, make a run, make a run",run
"Make a run, make a run, make a run down",down
Dun da da dun da da dun da da dun dun,dun
Beat goes on,on
A dun da da dun da da dun da da dun dun,dun
In a faraway land we got shit made,made
"Ray-Ban shades, warheads laid",laid
Babies born in air raids,raids
My girls run the Everglades,everglades
Indian tribesmen gamble spades,spades
"Indian chicks, they get men laid",laid
"Milk and honey, smoke high-grade",high grade
"Golds and diamond, gems and jade",jade
"Ride up on our tanks, invade",invade
Blow up things to save our name,name
"Mina, Rina, Tina, Sabrina",sabrina
Being a super Indian babe,babe
"We black market, we black made",made
We hit shit out when it rains,rains
Would you come down and catch my train?,train
Would you run down and play this game?,game
"Hey, hey, baby girl, you and me",me
Need to go to your teepee,teepee
The moon is full and I'm shinin',shinin
"Baby, I know you see me",me
Put a hump or two on your back,back
"Just like that, ooh girl, you on fire",fire
I don't wanna be in love with you,you
I'ma just break you off and say goodbye,goodbye
"The night is young, don't make me wait",wait
You just might miss your chance,chance
I'ma gon' tell you the truth,truth
"Timbaland, I'm the motherfuckin' man",man
"Today's the day, girl, let me get that",that
"Don't get mad, in fact, let me hit that",that
"I've been overkillin' them, I break backs",backs
"Come down, run down, girl, where your place at?",at
"Break, put the lights up in here one time",time
"And bounce, bounce, bounce, bounce",bounce
Let me tell you somethin',somethin
"Don't get it twisted, baby girl",girl
Baby boy 'cause Timbaland ain't dead,dead
"Yeah, yeah, yeah, yeah, bounce",bounce
"Girl, Timbaland ain't dead",dead
What haters say about me don't worry me,me
I keep it moving forward to what's ahead of me,me
You gonna see,see
I'm not gonna waste energy,energy
Cause I'm free and I'm a freak,freak
All the people I love I try to keep,keep
We get deep,deep
Keep it street,street
And were never gonna stay asleep,asleep
I keep it moving forward to,to
What's ahead of me,me
You gonna see I'm gonna be,be
And you're gonna remember me,me
I'm someone's shot of whiskey,whiskey
Not everyone's tea,tea
Underneath my trouble,trouble
I'm gonna find me the treble,treble
And underneath my case,case
I'm gonna find me the bass,bass
You get through,through
You get truth,truth
And that's how it's gonna be,be
Cause I'm free I'm a freak I can see what's real and fantasy What you believe,believe
You gotta see,see
Life on the planet's university,university
I'm free and I'm a freak,freak
Finally what haters say about me don't worry me,me
Theres nothing in this life thats guaranteed,guaranteed
Thats why we get high on reality,reality
Memories and families,families
Work and money and stay happy,happy
Life on the planets university,university
You get stronger in adversity,adversity
What you mean It's easy,easy
Life's just a bitter sweet symphony,symphony
"Road runner, road runner",runner
Going hundred miles per hour,hour
With your radio on,on
"Go low, go slow",slow
Roll like a pollo,pollo
Up and down a pole,pole
Like you're glowing up a yo-yo,yo yo
"Yeah yeah, YOLO",yolo
Bombs go off when I enter the building,building
I drink some Cointreau,cointreau
Keep it in my poncho,poncho
Light up like Castro,castro
Blow it up from get go,go
"Pro when I set, go",go
Grow like an afro,afro
Play like Ronaldo,ronaldo
Hard like I'm Death Row,row
Weight in kilo,kilo
Light as a pillow,pillow
Dance on my tip-toe,tip toe
Like I tae-box though,though
Yeah we come come come,come
Yeah we come with some some,some
Get a glass of rum,rum
With a gun and some pun pun,pun
Oh fun fun fun,fun
Let's get 'em undone,undone
Take a hit on the bong,bong
It's been so long since we hung,hung
Anti war war,war
M.I.A. underscore,underscore
I got the law law,law
Searching for me on tour,tour
Bankin offshore,offshore
Take a trip to Singapore,singapore
I need to earn like,like
I'm Julianne Moore,moore
For the hour poor,poor
Don't wanna ignore,ignore
That's why I say shit,shit
So they can explore,explore
"My baby, I amore",amore
My mommy I adore,adore
I tried to stay pure,pure
Can't take it anymore,anymore
"YALA, YALA",yala
I'm rolling solo,solo
You can't take a photo,photo
I'mma keep it raw raw,raw
"YOLO? I don't even know anymore, what that even mean though",though
If you only live once why we keep doing the same shit,shit
Back home where I come from we keep being born again and again and again,again
That's why they invented karma,karma
Jimmy gone M.I.A.,mia
Come back Jimmy,jimmy
When you go Rwanda Congo,congo
Take me on a genocide tour,tour
Take me on a truck to Darfur,darfur
Take me where you would go,go
Got static on ya satellite phone,phone
Gotta get you safe at home,home
Gotta get you somewhere warm,warm
So you get me all alone,alone
Time and time and time and time again,again
You keep pushing that button but I don't know what you're sayin',sayin
"You hit me on AIM, tryin' to flip me on some game.",game
"Are you coming, are you going, are you leaving, are you staying?",staying
You tell me that you're busy,busy
Your lovin makes me crazy,crazy
I know that you hear me,me
Start actin like you want me!,me
Time and time and time again,again
"You keep pushing me, what are you sayin?",sayin
"You hit me on AIM, tryin' to flip me some game",game
But I still don't know what you're sayin.,sayin
I know you hear me sing!,sing
There's a thousand ways to meet you now,now
There's a thousand ways to track you down,down
Whatever you said and done,done
There's a thousand ways to make it count,count
There is nothing that can touch me now,now
You can't even break me down,down
Every time you think of some,some
It's all ready been did and done,done
Can I be your best friend?,friend
Can I make it to the end?,end
Can you give me some of what,what
You went and gave them?,them
Come walk with me,me
"You ain't gotta shake it, just be with me",me
You ain't gotta throw your hands in the air,air
Cause tonight we ain't actin' like we don't care,care
"It's cool it takes two, I'm gonna still fux with you",you
Almost there,there
Tryna feel like what that feels like,like
When someone makes you feel alright,alright
We can take the same path tonight,tonight
For the ride I got plenty of time,time
"What doesn't kill us, it makes us stronger",stronger
That's why my roads get longer and longer,longer
My tracks are less traveled here to Uganda,uganda
Can we touch base just to discuss agenda?,agenda
The fullest exTENT of my inTENT is to let you know what is imporTENT,importent
My exisTENTS is miliTENT cause my conTENT bangs like it's poTENT,potent
"ResisTENT to the polluTENT, never hesiTENT, always consisTENT",consistent
"I back it up, yeah I'm very blaTENT",blatent
Don't try to copy this cause I paTENT,patent
Runnin on the streets causing TENTsion,tentsion
"Running through, running through, running through",through
"Hey, hey, hey - aTENTion!!!!",atention
Got to see my life from a disTENTS,distents
"For insTENTS, my friends say I act TENTS",tents
I'm a refugee from a yellow brick TENT,tent
PastTENT presentTENT and futureTENT,futuretent
Our borough is long like a senTENTS,sentents
Its inTENT bitches its insTENT,instent
We live with disTENT to presiTENT,presitent
For aTENTion about my TENT,tent
Things fall on our heads like we're newTENT,newtent
So don't drop that ball on that buTENT,butent
We're aliens but we're not muTENT,mutent
We TENT out of TENT - acounTENT,acountent
There's 36 chambers in my Wu TENT,tent
We slangTENT in benneTENT,bennetent
While you dance in your LoubouTENT,louboutent
We be makin TENT out ya curTENT,curtent
When we come through we fly as fuck though,though
I can mess with you but what for,for
If I play with you it'll be a draw,draw
Match made in heaven who's keeping score,score
"Everywhere, every door there's nowhere where we won't go",go
"Every step, every blow we're always going to get goals",goals
Relationship goals are you and me,me
Fighting H-A-T-E with L-O-V-E,l o v e
Ride of your life you better bring your GoPro,gopro
Don't need no pros 'cause we're gonna go slow,slow
Love is the answer what's the question I don't knoe,knoe
Staring at the wall and I'm waiting for the call,call
Pick up your receiver,receiver
I'll make you a believer,believer
It started when you asked me what are those,those
I looked at you and I was glad you don't know,know
I started walking by and it was special,special
That little dance you did was the best show,show
I drove to the store when my fuel's low,low
I'm still heading somewhere and it feels raw,raw
Baby when we play it'll be a draw,draw
A match made in heaven who's keeping score,score
Ride of your life better bring your GoPro,gopro
Love is the answer what's the question I don't know,know
"Cry me a river, cry me a river",river
Would you let me flow or set me bon voyage,voyage
Gonna need you more like the ground I wear,wear
We can make a pair like breath and the air,air
Go to the top or be low,low
Tastes better than any combo,combo
Xs and Os playing tic-tac-toe,tic tac toe
"We best friends, I guess so",so
China girl was a little girl from a town,town
That's all you need to know,know
Lolita was a man eater,eater
Clocked him like a taxi meter,meter
"Fuck gold, she was a platinum digger",digger
Shakin' ass making moves on a mover,mover
"Visa, then a plane ride to ya",ya
"Peace, she'll kill you like uma",uma
She skipped away to the shop,shop
She found she didn't have enough,enough
She clocked him looking right at her,her
And sucked on a lollipop,lollipop
"Hey, what now?",now
China girl grew up to be a big girl,girl
Had her sights set on a bigger world,world
Dial a bride from Sri Lanka,lanka
Found herself a Yorkshire banker,banker
Need a visa? Got wth a geezer,geezer
Need some money?,money
Paid him with her knees up,up
"Year later, started to ease up",up
"Got her own way, shouted out, ""See ya""",ya
She sucked on a lollipop,lollipop
"Yeah, what can I get for 10 dollar?",dollar
Anything you want,want
UH OH you're in trouble,trouble
I step up in the game and I burst that bubble,bubble
Bought up a baby in a bandana,bandana
I boarded a boeing eating a banana,banana
Bounce on the bed,bed
Battling with heads,heads
It's based on a story that nobody read,read
(people see me as trouble see me see me as trouble),trouble
See me see me as trouble,trouble
UH OH,oh
COZ I got a reputation,reputation
GOT A GOT A reputation,reputation
And I got a reputation,reputation
Played in the park,park
Packed with piranhas,piranhas
I jump in puddle,puddle
Singing NIRVANA,nirvana
Passed by the past and I end at the start,start
Now I'm living the life and I'm gonna raise the bar,bar
Do you know my name,name
Do you know my number,number
Do you know by summer I will make you a member,member
I know you're busy running round with Linda,linda
If I don't get you now then I'll get you by december,december
You're dancing styles out dated like tinga,tinga
These girls in caps MAMI snap your finger,finger
I drift in deserts from bumper to bumper,bumper
We can rock a dress or we can rock a jumper,jumper
You want that pain so I set you on fire,fire
These girls are high but I take you lot higher,higher
So get your beer it's tiger orna,orna
We throw up heat like a bunsen burner!,burner
You know my badman style,style
Coz I'm from Lanka,lanka
Eat up a falafel,falafel
Say danke danke,danke
If I'm in street fighter,fighter
I'll be like blanka,blanka
Roll like a ball and I'll bleed you like a banker,banker
Do you know my name name name name name name,name
"I'm so tangy, people call me Mathangi",mathangi
"Goddess of word, bitches I'mma keep it banging",banging
"Truth is like a rotten tooth, you gotta spit it out!",out
"Let the bottom two, let my wisdom work it out",out
"Big on the underground, can't knock me down",down
"Vicki Leekx bitches, back by dope demand",demand
I sleep on my talent and I stand by it too,too
I can say lots with a little words or few like,like
"Like Adam had 'em, yeh, me, the madame",madame
Yeah I'll introduce you to the dooms do dooms,dooms
"Come let we go, do you like my perfumes?",perfumes
Made it at home with some gasoline and shrooms,shrooms
Oil and water are two extremes,extremes
"We like fucking carpets, you like fucking brooms",brooms
Why is your tattoo some ugly looking thing?,thing
I got many designs they're downloading on Bing,bing
My cousin got his G.C.S.E.'s decorating,decorating
He's handy you might need him when I finish what I'm saying,saying
"Let's be frank, you my Stan, I'm your Stan",stan
"I don't care what you smoke, what you fucking drank",drank
I'm allowed to be pissed at mates who are yanks,yanks
"'Cause it's not me and you, it's the fucking banks!",banks
Bring the noise when we run upon them! (Bring the noize when we run upon them!),them
"Truth is like a rotten tooth, you gotta spit it out",out
"Two bottom teeth, let my wisdom work it out",out
"The world is ours, send your soldier powers",powers
"These words I announce, hope you heard 'em like cows",cows
"Alpha Kenny buddy, Roger, Charlie, and Rich",rich
"Bitch, my swag bitches, but you can't touch this",this
"So click, click, click, please get off my dick",dick
Just 'cause I know more don't make me thick,thick
"I'm a overweight, heavyweight, female Slick Rick",rick
If you need the cheese then my shits gon' stick,stick
"I got bug spray, bucket, stick",stick
"Got tons of the fun stuff, tons and tons of it",it
My nan was a stamp on imported liquor brands,brands
Seventy two bottles at her birthday got drank,drank
I must say people I got her to freaking thank,thank
"I'm a party fucking animal, if you ain't, scram!",scram
"Party fucking animal, if you ain't, scram!",scram
"P-p-party fucking animal, if you ain't, scram!",scram
"My uncle jumped a boat, it took him to Iran",iran
What started as a life now it got him banned,banned
"Came in a hurry, not a white van",van
"Learnt that Sam, Ram, Chan, are the same man",man
Corrugated iron wooden shacks,shacks
Gated mansions next to XX,xx
Boys on motor bikes next to Maybachs,maybachs
We got backpacks next to kids from Kyzack,kyzack
Ex-convicts and diplomats,diplomats
Got rappers and Russians who don't pay tax,tax
These cards are stacked and this is out crack,crack
"Rewind, pull it, now bring it all back",back
I'm a parrot,parrot
I'm robin this joint,joint
Not a lyre bird,bird
Sure ain't a vulture,vulture
Don't swallow that cause I make the culture,culture
"I'm not a lyre bird, I'm not a lyre bird",bird
"Staying, staying rich like an ostrich",ostrich
Love ain't a albatross hanging 'round ya neck,neck
"Drink a sparrow, love is food, take a peck",peck
"Let's go to Turkey, swift like a rail",rail
"Can't pigeon hole, I'm epic like a Zeus tail",tail
Free up my love,love
Doves cry,cry
Are you going home alone?,alone
Squad flock,flock
Migrate for the summer,summer
"Duck out for, for some hot weather",weather
Birds of prey and I'm shaking off my feather,feather
"See the water foul, swing on a creeper",creeper
Like starlin dictating love on my speaker,speaker
"Hot flamingo, go bird emoji yo",yo
Monogamous like a swan going with the flow,flow
"Watch the sky, watch the sky",sky
"Watching, watching the sky",sky
"Watch the sky, watch",watch
Watch the sky,sky
"Watch the sky, watch, watch",watch
Is that a crow on a crain?,crain
Is that you or a plane?,plane
Where's your chicken at?,at
I'm watching like a hawk,hawk
"Aye, I need more birds!",birds
Gully like a seagull,seagull
"Gully like a, gully like a seagull",seagull
"I'm cuckoo for you, let's talk!",talk
"Staying, staying rich like ostrich",ostrich
Drop down get your eagle on,on
"Drop down, drop down like a falcon",falcon
"Drop down, drop down get your eagle on",on
"Drop down, fly phenomena",phenomena
Humming higher than a drone,drone
War war war,war
Talking bout you all is such a bore,bore
I'd rather talk about moi,moi
Do you know that cost of a.ks,aks
Up in Africa,africa
20 dollars ain't shit to you,you
But that's how much they are,are
So they gonna use the shit just to get far,far
"Is girls, diamonds",diamonds
Helping you?,you
Don't you like my bandanna?,bandanna
My stains hang low,low
On my shirts like ay yai ay,ay
Monkey brains and banana,banana
I'll hit you with my antana,antana
I put soap in my eye,eye
Make it red so I look raa,raa
Ra ra,ra
So I woke up with my holy quran and found out I like Cadillac,cadillac
So we shooting till the song is up,up
Little boys are acting up,up
Baby mothers are going crazy,crazy
And the leaders all round cracking up,up
We goat rich we fry,fry
Price of living in a shanty town just seem very high,high
We still like T.I.,ti
We still look fly,fly
Dancing as we shooting up,up
And lootin just to get by.,by
With your feet in the air and your head on the ground,ground
"Try this trick and spin it, yeah",yeah
Your head'll collapse when there's nothing in it,it
And you'll ask yourself,yourself
"""Where is my mind?""",mind
Who made me like this,this
Was it me and god in co-production,co production
My devil's on speed dial,dial
Everytime I take the wrong direction,direction
All I want is one thing and that is what you got,got
Sometimes I go lose my mind then I feel numb,numb
There's 24 hours in a day,day
"I used to spilt it 8, 8, 8",8
8 work,work
8 sleep,sleep
8 for play,play
Now I give it all it takes,takes
People on the Internet,internet
A new life for the intellect,intellect
People judge me so hard,hard
'cause I don't floss my titty set,set
I was born out of dirt like I'm porn in a skirt,skirt
I was a little girl who made good with all that I blurt,blurt
I put people on the map that never seen a map,map
I show 'em something they ain't never seen,seen
And hope they make it back!,back
Lights they bend and,and
Lights they bend and jump and always move really fast,fast
Colors emerge light box had me in their grasp,grasp
"We be rocking, we be rocking rocking in the car",car
Lights in sky goddess bumping a sitar,sitar
"These lights yeah, these lights yeah",yeah
Green colors looking nice yeah,yeah
Turn it up too loud all the lights will turn red,red
If you upstairs you can hear it in the bed,bed
Rainbows in my vision move into the rhythm,rhythm
Electic shadows in my ear got me dancing spinnin',spinnin
Northern lights on my mind all the colors rhyme,rhyme
Loving me all the time keep that on your timeline,timeline
I keep my distance even though I shine,shine
For me to tell you things you need to be the right kind,kind
Even though it's clear like a street sign,sign
Some people don't get it so I keep 'em in line,line
It's good to take a minute and take it all in,in
It's so important sometimes that I blow off steam,steam
Got to get another sweater from my helicopter,helicopter
Got to get a closer look at what they all stick at,at
Doesn't need some lights that I used to trick out,out
I got them from a Chinese dude I went to check out,out
People need to get some and put some in your pocket,pocket
You might need some later when you finally unlock it,it
Lights on ring cameras and things,things
Flashing like bling love loving when I sing,sing
Sparkles on the charcoal as a fire lit up,up
Headlights off a power in the city lit up,up
"All I wanna, all I wanna, all I wanna do",do
Is roll through the city star gazing with you,you
"Lights a selector, original nutter",nutter
I used to be a bad girl now I'm even better,better
I don't keep on berreta,berreta
I don't sell like a shotta,shotta
I don't often twitter,twitter
They still see me as a threat er,er
I'm counter to the counter,counter
Put your money on the counter,counter
"I'm standing at the counter say, ""Hi!"" to my hunter",hunter
I did as freaking Santa,santa
I eat at benne hanna,hanna
I can make em feel good,good
I'm running youth centers,centers
I'm aiming for the centers,centers
Sending light beams to sender,sender
I think we can make it,it
So sip a little winner,winner
I bongo with my lingo,lingo
"And beat it like a wing, yo",yo
"To combo, to Colombo",colombo
"Can't sterotype my thing, yo",yo
I salt and pepper my mango,mango
Shoot spit out the window,window
"Bingo, got him in the thing, yo",yo
"Now what? I'm doin' my thing, yo!",yo
Quit bending all my fingo,fingo
Quit beating me like you're Ringo,ringo
You wanna go?,go
You wanna win a war?,war
"Like PLO, I don't surrendo!",surrendo
The sunshowers that fall on my troubles,troubles
"Are over you, my baby",baby
"And sunshowers, I'll be aiming at you",you
"'Cause I'm watching you, my baby",baby
I checked that mouth on him,him
Fucking checked my gas on him,him
"I had him, cornered him",him
Fucking shut that gate on him,him
Why would you listen to him?,him
"He had his way, I'm bored of him",him
I'm tired of him,him
I don't wanna be as bad as him,him
"It's a bomb, yo",yo
"So run, yo",yo
"Put away your stupid gun, yo",yo
'Cause see though like protocol,protocol
Which is why we blow it up 'for we go,go
Semi-9 and snipered him,him
On that wall they posted him,him
They cornered him,him
And then just murdered him,him
He told them he didn't know them,them
"He wasn't there, they didn't know him",him
They showed him a picture then,then
"""Ain't that you with the Muslims?""",muslims
He got Colgate on his teeth,teeth
And Reebok Classics on his feet,feet
At a factory he does Nike,nike
And then he helps the family,family
Beat heartbeat,heartbeat
He's made it to the Newsweek,newsweek
Sweetheart seen it,it
He's doing it for the peeps' peace,peace
Oi Ga-Ra-To Pi-qa mine nu-mu-ro,nu mu ro
"Me leaga, you teaser",teaser
"My finger tips and the lips do the work, yeah",yeah
"My hips do the flicks as I walk, yeah",yeah
With a good head I came to make it,it
With a good head I came to break it,it
Did your Mama tell you about me,me
"What she say, ""Don? t go play there?""",there
Gonna make that hot boy want me,me
Gonna make that hot boy take me,me
Excuse me little Hombre,hombre
Take my number call me,me
I can get squeaky,squeaky
So you could come and oil me,me
Hoytu hoytu,hoytu
Cept cept,cept
(Cet cet),cet
"Cinko, quadro",quadro
Tres doie,doie
You can call me over,over
You can stick me,me
Stab me grind me or wind me,me
"Fuck, we can even ask your wifey",wifey
Rich bored at home with a kiddie,kiddie
She don? t know about you getting nookie,nookie
'Member when you first started,started
"Call me, you had a ticket waitin? for me",me
Said you wanna meet in Miami,miami
So we can start a family,family
"London calling, speak the slang now",now
"Boys say whagwan, girls say wha-what",wha what
Slam galang galang galang,galang
"Shotgun, get down",down
"Get down, get down, get down",down
"Get get get down, g-down g-down",g down
Too late you down down down down,down
Ta na ta na ta na ta na ta na ta,ta
Blaze-a-blaze galang-a-lang-a-lang-lang,galang a lang a lang lang
Purple haze galang-a-lang-a-lang,galang a lang a lang
Who the hell is huntin' you?,you
In the BMW,bmw
How the hell they find you?,you
1-4-7'd you,you
Feds gonna get you,you
Pull the strings on the hood,hood
One paranoid you,you
Blazing through the hood,hood
They say,say
River's gonna run through,through
Work is gonna save you,you
Pray and you will pull through,through
Suck a dick'll help you,you
Don't let 'em get to you,you
"If he's got one, you've got two",two
Backstab your crew,crew
Sell it out to sell you,you
"o focus lost, I concentrate",concentrate
And now you got it wrong,wrong
"No focus lost, I concentrate",concentrate
People love position,position
So I stay way up on a level,level
Like my name is Neymar and you know I'm not normal,normal
There is no competition,competition
I'm gonna talk and you gonna listen,listen
"I'm on ten like men, even better than them",them
Yeah I don't lose focus like a German called Sven,sven
My third eye's open and my focus ain't joking,joking
"Yeah You got it wrong, cause my focus is so strong",strong
Run-pama pama pa-pama pama pama,pama
Go off on em,em
Yeah I'm pressing buttons,buttons
Dropping pins on positions,positions
Cause my words go far,far
And this rain is so foreign,foreign
You blow the place I live in while,while
Watch I could keep it going,going
So check up on your messages,messages
Know what the message is,is
Like aliens in villages,villages
We're here for all ages,ages
Fans back home,home
Got my tracks bang on,on
Yeah you got it wrong,wrong
Cause my focus is so strong,strong
Run pama pama pa-pama pama pama,pama
At least you tell your children I came from London,london
Start talking about me long time like she was random,random
"When I was in your life fella, I was hella bomb",bomb
But I had to go off just to stay strong,strong
"Jump in, ju",ju
"Jump in, jump in",in
Zip up my jacket,jacket
Put my phone in my pocket,pocket
Keep my mind open,open
I'm tryna not to lock it,it
I make a plan,plan
Put it in god's hand,hand
And Jump in to that van,van
Wake up wake up,up
Your life on take up,up
Go thank that maker,maker
Get your life on fleek and take off,off
Get your life thank that maker,maker
Get your life,life
You got to keep that shit fine,fine
I gon' make you mine,mine
When I see that border I gon' cross the line,line
"(That border, see that border)",border
When I see that dream I gon' make it mine,mine
(make it make it),it
We go we go take off take off,off
Go hit the sea hit the sea like,like
Noah's ark illegal,illegal
I'm here to paint what is written on ya face,face
'Cause these are the days we are losing our ways,ways
To find better ways to say what nobody says,says
We're living on the edge,edge
And my motorcycle's speeding,speeding
It iz what it iz,iz
And this is how I'm feeling,feeling
"It iz what it iz, shorty",shorty
I got affected but I effect a lot more,more
They all got issues but I got a bit more,more
I put it in boxes and I put it in a store,store
"I hope you really like it, I can do you some more",more
"Yeah, I'm gonna say something",something
Even if you think it's nothing,nothing
'Cause one day you are gonna say that,that
Today was bumping,bumping
And someday you are gonna say that,that
Maybe it's just us or maybe it just me,me
We can have discussions while we are playin' Wii,wii
"It iz what it iz, shorty, what it iz, shorty",shorty
It's so simple get to the floor,floor
M-a-m-a mamama,mamama
Atanatantan tananan,tananan
"Matangi, matangi",matangi
Somalia bosnia,bosnia
Cuba colombia,colombia
Ecuador mexico,mexico
Bhutan morocco,morocco
Botswana ghana,ghana
India serbia,serbia
Libya lebanon,lebanon
Gambia nambia,nambia
Bali mali,mali
Chile malawi,malawi
Bequai st vincent,vincent
Trinidad and norway,norway
China canada,canada
U.s.a. And u.k,uk
Nepal nigeria,nigeria
Ethiopia north k,k
Myanmar panama,panama
Philippines nicaragua,nicaragua
Palestine and greece,greece
Peru and france,france
It's so simple do the dance,dance
Oi oi oi oi oi oi oi,oi
Iano inna iano ina,ina
Pretty raw,raw
Get to the floor,floor
Came up listening to war war,war
Weekend trips to singapore,singapore
Preach like a priest,priest
I sing like a whore,whore
Do you want more?,more
Do you know what I got in store?,store
Immina immina thana thana,thana
Ingana ingana giiina giiina,giiina
I'm ice cream,cream
And you're so bait,bait
They got guns but it points the wrong way,way
Yeah I'm on it they cirque de soleil,soleil
They make big sounds with nothing to say,say
School of fakeness,fakeness
I'm school of hard knocks,knocks
You're here to fool us,us
I'm here to take shots,shots
"Look-alike, copycat",copycat
"Doppleganger, fraud",fraud
They ain't got nothing on me,me
Now I'm getting bored,bored
If your gonna be me you need a manifesto,manifesto
If you ain't got one you better get one presto,presto
Yeah you got money we sell bootlegs only,only
When the shit counts our numbers way plenty,plenty
We started at the bottom but drake gets all the credit,credit
Paper route or life route yeah we be ready,ready
Iano inna iano inabug spray bug spray bug spray,spray
You can watch TV and watch the media,media
President Bush doing takeover,takeover
Kate Moss in ads for mascara,mascara
All my youth the young offender,offender
"The bill payers, the drug dealers",dealers
Girls who are magazine covers,covers
The part-time jobbers at the call center,center
No career plans cause you won't go far,far
Put away change for Ibiza and,and
Check your credit on your new Nokia,nokia
You can be a follower but who's your leader?,leader
Break the cycle or it will kill you,you
"You leader, you lead, uh, do what you do",do
What really good's gonna happen to you?,you
Your prime minister to your employer,employer
Ego lovers need more power,power
Trendsetters make things better,better
Don't sell out to be product pushers,pushers
The gyro casher and baby makers,makers
Try something new cause it ain't over,over
All poor people from all over,over
Lottery's got a rollover,rollover
Break the cycle or it will kill yaou,yaou
"Cherokee Indian, Iraqi and Indians",indians
Girls and me girls when they come to the fellas and,and
"Japanese, Moroccan, Caribbean, African",african
That's your life but who the fuck's your president?,president
You don't get my life cause I don't have a side and I,i
Spread dat boy 'im a mile wide and I,i
"Got brown skin, I'm a west Londoner",londoner
"Educated, but a refugee, still.",still
"You wanna boy, you're old, you go",go
"You wanna fight, you suck, you blow",blow
,
,
,
,
,
,
,
,
,
,
,
,
,
,
,
,
,
,
,
,
,
,
,
,
,
,
,
,
,
,
,
,
,
,
,
,
,
,
,
,
,
,
,
,
,
,
,
,
,
,
,
,
,
,
,
,
,
,
,
,
,
,
,
,
,
,
,
,
,
,
,
,
,
,
,
,
,
,
,
,
,
,
,
,
,
,
,
,
,
,
,
,
,
,
,
,
,
,
,
,
,
,
,
,
,
,
,
,
,
,
,
,
,
,
,
,
,
,
,
,
,
,
,
,
,
,
,
,
,
,
,
,
,
,
,
,
,
,
,
,
,
,
,
,
,
,
,
,
,
,
,
,
,
,
,
,
,
,
,
,
,
,
,
,
,
,
,
,
,
,
,
,
,
,
,
,
,
,
,
,
,
,
,
,
,
,
,
,
,
,
,
,
,
,
,
,
,
,
,
,
,
,
,
,
,
,
,
,
,
,
,
,
,
,
,
,
,
,
,
,
,
,
,
,
,
,
,
,
,
,
,
,
,
,
,
,
,
,
,
,
,
,
,
,
,
,
,
,
,
,
,
,
,
,
,
,
,
,
,
,
,
,
,
,
,
,
,
,
,
,
,
,
,
,
,
,
,
,
,
,
,
,
,
,
,
,
,
,
,
,
,
,
,
,
,
,
,
,
,
,
,
,
,
,
,
,
,
,
,
,
,
,
,
,
,
,
,
,
,
,
,
,
,
,
,
,
,
,
,
,
,
,
,
,
,
,
,
,
,
,
,
,
,
,
,
,
,
,
,
,
,
,
,
,
,
,
,
,
,
,
,
,
,
,
,
,
,
,
,
,
,
,
,
,
,
,
,
,
,
,
,
,
,
,
,
,
,
,
,
,
,
,
,
,
,
,
,
,
,
,
,
,
,
,
,
,
,
,
,
,
,
,
,
,
,
,
,
,
,
,
,
,
,
,
,
,
,
,
,
,
,
,
,
,
,
,
,
,
,
,
,
,
,
,
,
,
,
,
,
,
,
,
,
,
,
,
,
,
,
,
,
,
,
,
,
,
,
,
,
,
,
,
,
,
,
,
,
,
,
,
,
,
,
,
,
,
,
,
,
,
,
,
,
,
,
,
,
,
,
,
,
,
,
,
,
,
,
,
,
,
,
,
,
,
,
,
,
,
,
,
,
,
,
,
,
,
,
,
,
,
,
,
,
,
,
,
,
,
,
,
,
,
,
,
,
,
,
,
,
,
,
,
,
,
,
,
,
,
,
,
,
,
,
,
,
,
,
,
,
,
,
,
,
,
,
,
,
,
,
,
,
,
,
,
,
,
,
,
,
,
,
,
,
,
,
,
,
,
,
,
,
,
,
,
,
,
,
,
,
,
,
,
,
,
,
,
,
,
,
,
,
,
,
,
,
,
,
,
,
,
,
,
,
,
,
,
,
,
,
,
,
,
,
,
,
,
,
,
,
,
