LINE,END_WORD
"You probably think that you are better now, better now",now
"You only say that 'cause I'm not around, not around",around
"You know I never meant to let you down, let you down",down
"Woulda gave you anything, woulda gave you everything",everything
"You know I say that I am better now, better now",now
"I only say that 'cause you're not around, not around",around
"I did not believe that it would end, no",no
Everything came second to the Benzo,benzo
"You're not even speakin' to my friends, no",no
You knew all my uncles and my aunts though,though
"Twenty candles, blow 'em out and open your eyes",eyes
We were lookin' forward to the rest of our lives,lives
Used to keep my picture posted by your bedside,bedside
Now it's in your dresser with the socks you don't like,like
"And I'm rollin', rollin', rollin', rollin'",rolling
"With my brothers like it's Jonas, Jonas",jonas
Drinkin' Henny and I'm tryna forget,forget
But I can't get this shit outta my head,head
I seen you with your other dude,dude
He seemed like he was pretty cool,cool
I was so broken over you,you
"Life it goes on, what can you do?",do
I just wonder what it’s gonna take,take
Another foreign or a bigger chain (bigger chain),chain
Because no matter how my life has changed,changed
I keep on looking back on better days,days
I promise,promise
"I swear to you, I'll be okay",okay
You're only the love of my life (love of my life),life
Baby could you? I got too much on my mind right now,now
I ain't got the time to get you Saint Laurent down,down
Could you? I got too much on my mind right now,now
"Time to hit Rodeo, give my baby 30 thou'",thou
Ball for me,me
"B-ball for me, yeah",yeah
"I'm on the road, I'm gettin' paid, like what you want, baby? (What you want, baby?)",baby
"You're bougie, baby, but I love you, baby, give you the world, baby (you the world, baby)",baby
"Paid five grand for a handbag, that's Saint Laurent (Saint Laurent, baby)",baby
"Damn, you love that money, baby (oh-oh-oh)",oh
"Hunnid thousand plus hunnid thousand, my whip (my whip, my whip)",whip
"30 thousand plus 30 thousand, my wrist (my wrist, my wrist)",wrist
"We got alcohol plus bad bitches, that's lit (that's lit, that's lit)",lit
"I swear baby, we was just kissin', that's it (that's it, that's it)",it
How could I forget the shit that you done done for me? (For me),me
Baby gonna take the charge and take the fall for me (for me),me
"Would love to take you shoppin', but girl, I'll be on tour",tour
"Sorry, lil' mama, I can't give you more",more
"Yo, gotta hit him on the jack",jack
When you comin' back? Where is you at on the map?,map
Everything is intact,intact
"Could have been a seamstress, still wouldn't cut him slack",slack
"Pretty much, ain't got a clue",clue
Itty bitty piggyback off everything I do,do
But I'm still droppin' jaws,jaws
Got 'em lookin' like James Harden at the awards,awards
"Back to you, I'm so into you",you
"For real, bread like I'm kin to you",you
"If you a 10, I add 10 to you",you
They be mad when I tend to you,you
That's what the bae like,like
Call me Buffy 'cause that's what I slay like,like
"These bitches, I son 'em like it's daylight",daylight
These niggas wanna know what it tastes like,like
"What it tastes like, yo, what it tastes like, yo",yo
"They wanna know what it tastes like, yo",yo
"All this ice, it should taste like snow",snow
Get kimonos and let's fly to Tokyo,tokyo
"Pretty, pretty please baby, won't you cop this for me?",me
I been waiting wide awake,awake
For the waves to come and take,take
Take me right to you,you
One hundred bottles of the good shit,shit
Couldn't even bring you back,back
What am I to do?,do
Feel like I'm circling a drain,drain
All I see is the remains,remains
Of an ugly truth,truth
One hundred models I could follow,follow
All the way to hell and back,back
But they can't replace you,you
I was puttin' on for you like a jersey,jersey
What I didn't know then couldn't hurt me,me
Never thought that you'd go and do me dirty,dirty
Left me in the cold but on the inside I was burning,burning
But that's just the way it goes,goes
Wish that I could have control,control
Everybody dies alone,alone
And I ain't dead yet,yet
Say my prayers,prayers
But I lost faith a long time ago,ago
Dream nightmares,nightmares
I guess we're getting used to losing hope,hope
Guess we're losing hope,hope
I don't even wonder why you don't answer,answer
When I call your name,name
Are you on the other side? Will you save us?,us
Or will you run away?,away
I'm still waiting wide awake,awake
One hundred vials of denial,denial
I know they won't bring you back,back
You're my alibi and motive,motive
When I'm lying to myself,myself
What an ugly truth,truth
We're no strangers to the flame,flame
We will never be the same,same
If we make it through,through
And we can make it through,through
My back is up against the wall,wall
But I used to feel invincible,invincible
Yeah it was us against the world,world
"But somehow, someway, the tables turned",turned
I remember back then,then
Played my cards but you were my best hand,hand
Still you keep me guessing,guessing
Wonder if I'll ever get the message,message
It's true that all that you know is all that you are,are
You said that it's all that you want and more,more
Fuck off and pour another drink,drink
And tell me what you think,think
You know that I'm too drunk to talk right now,now
You put your cigarette out on my face,face
"So beautiful, please woman",woman
Don't break your back for me,me
I'll put you out of your misery,misery
Tell me that it's all okay (tell me that it's all okay),okay
I've been waitin' on this all damn day (waitin' on this all damn day),day
"Call me in the mornin', tell me how last night went",went
"I'm here, but don't count on me to...",to
Stay a little longer if you convince me,me
You tell me all the things that you have against me,me
"Every time we make up, the truth is fadin'",fading
Everybody's blind when the view's amazin',amazing
"Damn, who are we right now?",now
Can we have a little conversation?,conversation
Figure it out with no intoxication,intoxication
"We carry on, what is our motivation?",motivation
"We're never wrong, how the hell we gonna make it?",it
Maybe we're used to this,this
"Tell me, what are we to do",do
It's like we only play to lose,lose
Chasin' pain with an excuse,excuse
I love that shit and so do you,you
But don't break your back for me,me
"I'm here, but don't count on me to stay",stay
I used to say I was free,free
Now all these people wanna keep on taking pieces of me,me
"They take away everything, had everything that I needed",needed
"They held me down, let me drown",drown
They spit me out right through the teeth,teeth
"I can't pretend, ash in the wind, won't blow again",again
It was a breeze for you,you
"These hurricanes inside of my brain, let it rain, made it look easy Can't look away, you love the pain, you love the pain",pain
Watchin' me bleed,bleed
You cut me down on my knees,knees
No matter what you believe,believe
I think we both can agree,agree
"That you can't blame it on me, yeah",yeah
"It's not my fault, it's not my fault, it's not my fault",fault
Blame it on me,me
I couldn't breathe,breathe
"Almost lost myself, couldn't stop myself, I did it all",all
You can't blame it on me,me
"Everyday's the same, yeah, I just watch 'em go",go
As I scrape away through the impossible,impossible
"Yeah, I played the game but it was all for show",show
"Tryna find my way, I nearly lost it though",though
"Now I see dead people, most have no faith",faith
Where did the time go? A watch with no face,face
They hit the ceiling but my roof likes space,space
I took my chances so won't you,you
"Blame it on me, ayy",ayy
"It's not my fault, it's not my fault, it's not my fault, not my fault",fault
It's all my fault that I'm addicted to the clothes,clothes
"It's all my fault, I paid the cost, yeah",yeah
It's all my fault that I ain't givin' up my soul,soul
It's all my fault,fault
That you can't blame it on me,me
"Almost lost myself, couldn't stop myself I did it all",all
"You can't blame it on me, ayy",ayy
"Blame it on me, yeah",yeah
I been in L.A. too long,long
I see the same bitches everywhere I go,go
It don't really matter where they from,from
"Acting or model, heard it all before",before
"Population four million, how I see the same bitch?",bitch
"Yeah, yeah, yeah",yeah
I hit your DM baby,baby
"Took the screenshot, yeah, you tried to play me",me
I bet this shit was good for your reputation,reputation
I just let it go so I could see you naked,naked
"Holy moly, look what you roll in",in
Million followers but your bumpers broken,broken
What's your focus?,focus
Tell me what your goal is,is
I know you only like me 'cause I just spent a hundred bands in one night,night
Spent a hundred bands in one night,night
I know you wanna live this life,life
"But I can't make a ho a housewife (ohh, no)",no
What's your name? Who's your daddy?,daddy
Is he rich like me? Is he rich like me?,me
"Population four million, how I see the same bitch? (uh, yeah)",yeah
"Population four million, how I see the same bitch? (Gerald)",gerald
Everywhere I go I see the same ho,ho
"Always post selfies on the 'Gram from a angle, a Catfish",catfish
"Hollywood devil, not a angel",angel
"Her bag is Chanel, but she drive a Durango",durango
"Yeah, and I'm gettin' to the queso",queso
Woke and I'm hip to the game so I'm thankful,thankful
OGs put me on to a song lace bro,bro
Real recognizin' that you don't speak the lingo,lingo
"Clothes all new, not a wrinkle",wrinkle
"Giving you the game with the game, gettin' sprinkled",sprinkled
Bottles on deck in my drink fool,fool
"And I turn to a beast, I'm a dog, I'm a pitbull",pitbull
"This life did to me, I can't switch back",back
If I take her then you'll never get your bitch back (yeah),yeah
"The beat knockin', yeah this shit cloud",cloud
Welcome to the west where people gettin' rich at (ayy),ayy
I been in L.A. too long (G),g
"I see the same bitches everywhere I go (It's Eazy, you know?)",know
"It don't really matter where they from (yee, yee, yee)",yee
"Acting or model, heard it all before (ayy)",ayy
"Population four million, how I see the same bitch? (west side nigga)",nigga
"Population four million, how I see the same bitch? (hol' up, let me talk my shit)",shit
Me and my bros hit the same hoes,hoes
"L.A., Hollywood, that's some Valley hoes",hoes
"Do I know how to fuck, they all know",know
"Ye, yeah, fuck it, go down baby",baby
I'm with the program baby,baby
"Ridin' through the streets, you with the hometown baby",baby
I'm tryna do it for the brother like Motown baby,baby
She fucked the L.A. Laker for the record,record
She fucked a Dodger baseball player for the record,record
Fucked the head of my record label (ooh),ooh
How you think she been so stable?,stable
"Ah damn, ah damn, but she down to fuck",fuck
"Designer everything, Benz Truck",truck
"Pullin' up with you friend, tell me who she is",is
"Oh, never mind, my friend fucked",fucked
"Population four million, how I see the same bitch? (haha, never mind my friend fucked)",fucked
"Population four million, how I see the same bitch? (I see the same bitch)",bitch
It happens every time,time
It sounds like suicide,suicide
"I'm hesitant, but I guess I'll drink the Kool-Aid once again",again
Candy paint with the white on top,top
Lambo doors are the oo-op drop,drop
If you busy plotting on what I got,got
"Kick in your door, That's SWAT, you thot",thot
Hundred thousand dollars on the table top,top
"Half price my whip, same price my watch",watch
Got no jumper but I ball a lot,lot
"Bitch, I'm young Stoney, I do what I want",want
Candy paint with the white on top (skrrt),skrrt
Lambo doors are the oo-op drop (drop),drop
"Kick in your door, that's SWAT, you thot (pop)",pop
"Half price my whip, same price my watch (bling)",bling
Got no jumper but I ball a lot (swish),swish
Didn't know that was your girl when she gave me top (yuh),yuh
"Kicked her out the Rolls said, ""Thanks a lot""",lot
Goddamn I love paper like I'm Michael Scott (yeah),yeah
I can do things that your man cannot (yeah),yeah
"Slide boy comin' down, damn, I'm hot (hot)",hot
Everybody say that I gotta be stopped (stopped),stopped
Even though my final form ain't unlocked (locked),locked
I'm so ahead of you motherfuckers,motherfuckers
How you comprehend what you ain't understanding?,understanding
Count a hundred bands and I watch it vanish,vanish
Diamonds going crazy like they on the dance floor,floor
"Got a lot of ass, nothing I can't handle",handle
"Flavor lasts forever, you should try a sample (God damn)",damn
"Baby, I'm the boss like I'm Tony Danza (Tony Danza)",danza
Everybody trying to tell me what I stand for,for
"But you don't fucking know me, homie, you don't want war (aye)",aye
"Got no jumper but I ball a lot (hey, hey)",hey
"Bitch, I'm young Stoney, I do what I want (hey, hey)",hey
Candy paint with the white on top (yeah),yeah
"Lambo doors are the oo-op drop (drop, drop)",drop
"Kick in your door, that's SWAT, you thot (pop, pop, pop, pop)",pop
"Half price my whip, same price my watch (yeah)",yeah
"I've been rolling twenty ash, hit the road (wooh)",wooh
Hit the switch up the suicide doors (damn),damn
We already know you vanished though (ooh),ooh
"Hit my momma when I ride in that, oh",oh
All these motherfuckers so false with me (yah),yah
"If your money funny, don't talk to me (nah)",nah
I know there ain't shit that you could offer me (no),no
Take a second if you think about crossing me,me
"It lasts forever, you should try a sample (God damn)",damn
Everybody trying to tell me what I stand for (what I stand for),for
"But you don't fucking know me, homie, you don't want war (you don't want war)",war
"I started with an eighth, alright (alright)",alright
And then I went and changed my life (my life),life
I might take out the Wraith tonight (tonight),tonight
Put your arms around me baby,baby
"I just want to fly, make it last before we die",die
And I know you want a ride,ride
What's on your mind? What's on your mind?,mind
And my '92 got doors like my Lambo,lambo
Spend my last paycheck on some ammo,ammo
"We don't follow trends, rest in peace to Yamo",yamo
"Your new shit sucks, I feel like Anthony Fantano",fantano
"Saying I was broke last year, I can't go back there",there
"Nicotine fiend, couldn't even buy a pack, yeah",yeah
"She don't know my music, told her I ain't mad, yeah",yeah
"Let her cut that coco on my platinum plaque, yeah (wow)",wow
"Cut my fingers on my bands, oh yeah",yeah
"Cut my locker with some Xan, oh yeah",yeah
"Count me my guala in advance, oh yeah",yeah
"Backstreet diamonds, watch them dance on ya, yeah",yeah
She don't want to spend all my dough,dough
She gets paid to be a model,model
"I take the lead, they just follow",follow
"Face it, you don't know what I know",know
"Pull up, I got some' for ya",ya
Something in my trunk for ya,ya
But I got a good lawyer,lawyer
They always try to come for ya,ya
I'ma pull up in that Bentley with the fuckin windows tinted,tinted
"Penning how I'm feeling, take a drop of the extended",extended
"Think I'm showing signs of slowing, homie just forget it",it
"I guess this what happens when you fucking handle business, yeah",yeah
"I was broke last year, I can't go back there",there
Got some lean and I went a little mad yeah,yeah
"Try to take the swagger, I know it for a fact",fact
"Hollywood's bleeding, vampires feeding, darkness turns to dust",dust
"Everyone's gone but no one's leaving, nobody left but us",us
"Tryna chase a feeling but we never feel it, riding on our last train home",home
"Dying in our sleep, we're living out a dream, we only make it out alone",alone
I just keep on hoping that you call me,me
You say you wanna see me but you can't right now,now
You never took the time to get to know me,me
Was scared of losing something that we never found,found
We're running out of reasons but we can't let go,go
"Yeah, Hollywood is bleeding but we call it home",home
Outside the winter sky turning grey,grey
City up in smoke it's only ash when it rains,rains
Howl at the moon and go to sleep in the day,day
Love for everybody 'til the drugs fade away,away
"In the morning, blocking out the sun with the shades",shades
She gotta check her pulse and tell herself that she okay,okay
It seem like dying young is an honor,honor
But who be at my funeral? I wonder,wonder
"I go out, and all the eyes on me",me
"I show out, do you like what you see?",see
"And now, they closing in on me",me
Let 'em sharpen all they teeth,teeth
This is more than I can handle,handle
Blood in my Lambo,lambo
"Wish I could go, I'm losing hope",hope
"I light a candle, some Palo Santo",santo
"For all these demons, wish I could just go on",on
"Ayy, I've been fuckin' hoes and poppin' pillies",pillies
"Man, I feel just like a rockstar (star)",star
"Ayy, ayy, all my brothers got that gas",gas
And they always be smokin' like a Rasta,rasta
"Fuckin' with me, call up on a Uzi",uzi
"And show up, man them the shottas",shottas
When my homies pull up on your block,block
"They make that thing go grrrata-ta-ta (pow, pow, pow)",pow
"Ayy, ayy, switch my whip, came back in black",black
"I'm startin' sayin', ""Rest in peace to Bon Scott""",scott
"Ayy, close that door, we blowin' smoke",smoke
She ask me light a fire like I'm Morrison,morrison
"Ayy, act a fool on stage",stage
Prolly leave my fuckin' show in a cop car,car
"Ayy, shit was legendary",legendary
Threw a TV out the window of the Montage,montage
"Cocaine on the table, liquor pourin', don't give a damn",damn
"Dude, your girlfriend is a groupie, she just tryna get in",in
"Sayin', ""I'm with the band""",band
"Ayy, ayy, now she actin' outta pocket",pocket
Tryna grab up from my pants,pants
Hundred bitches in my trailer say they ain't got a man,man
And they all brought a friend,friend
"Yeah, ayy",ayy
"Ayy, ayy, I've been fuckin' hoes and poppin' pillies",pillies
I've been in the Hills fuckin' superstars,superstars
"Feelin' like a popstar (21, 21, 21)",21
"Drankin' Henny, bad bitches jumpin' in the pool",pool
And they ain't got on no bra (no bra),bra
"Hit her from the back, pullin' on her tracks",tracks
"And now she screamin' out, ""No mas"" (yeah, yeah, yeah)",yeah
"They like, ""Savage, why you got a 12 car garage",garage
"And you only got 6 cars?"" (21)",21
"I ain't with the cakin', how you kiss that? (kiss that?)",that
Your wifey say I'm lookin' like a whole snack (big snack),snack
"Green hundreds in my safe, I got old racks (old racks)",racks
"L.A. bitches always askin' ""Where the coke at?""",at
"Livin' like a rockstar, smash out on a cop car",car
"Sweeter than a Pop-Tart, you know you are not hard",hard
"I done made the hot chart, 'member I used to trap hard",hard
"Livin' like a rockstar, I'm livin' like a rockstar",rockstar
"Star, star, rockstar, rockstar, star",star
"Rockstar, feel just like a rock...",rock
Feel just like a...,a
"When you leave me, make me jump up off my roof",roof
"Didn't faze you, would've given you the moon",moon
Even after everything that we've been through,through
I ain't never met nobody like you,you
Why you always tryna tell me that it's cool?,cool
Need to quiet 'cause you never tell the truth,truth
Felt like ballin' was the only thing to do,do
Trade my woman for some diamonds and a coupe,coupe
"When she's comin' for my heart, it feels like Armageddon",armageddon
"I'ma turn the tables, promise you will not forget it",it
"Won't apologize, don't give a fuck if you're offended",offended
"No discussion, yeah we gotta go our separate ways",ways
Won't take me down in flames,flames
I don't even wanna know your name,name
"Watch how everything is gonna change, yeah, ayy",ayy
I'ma pull up in a Bentley,bentley
"With a fuckin' hunnid thousand in my pocket, yeah, yeah",yeah
"I'ma pull in, swang my door open",open
"Stuntin', knowin' everybody watchin', yeah, yeah",yeah
And help another bitch out the whip,whip
"And I don't give a fuck if you don't like it, yeah, yeah",yeah
Just to show you that it's over,over
"It don't matter what you gotta say about it, yeah",yeah
I'ma put that bitch pussy in a motherfuckin' bodybag,bodybag
So you know that I'm never ever coming back,back
You kept your heart on the counter in a Prada bag,bag
"I used to never ever want to see the light of day, yeah",yeah
I was an idiot,idiot
Beggin' on my knees onto the floor,floor
"Now, I don't even want you anymore, anymore",anymore
It's over now,now
"It's over now, yeah, yeah, yeah, ayy",ayy
"Feels like a knife in my throat, you treat this like it's a joke",joke
"I bet you've done this before, I ain't surprised, yeah",yeah
"I wasn't tryna let go, but you'll know why when I'm ghost",ghost
"I hope you wind up alone, dead in my eyes, yeah",yeah
"Ain't religious, only Christian when it's Dior",dior
Only prayin' for the Amex and the gold,gold
"You ain't stop me, no, you only was a detour",detour
"Tried to drive me crazy, you ran out of road",road
"Watch how everything is gonna change (Is gonna change), yeah, ayy",ayy
"And I don't give a fuck if you don't like it, yeah, yeah (I don't give a fuck)",fuck
"It don't matter what you gotta say about it, yeah (What you gotta say about it)",it
I'ma put that bitch pussy in a motherfuckin' bodybag (In a bodybag),bodybag
So you know that I'm never ever coming back (Never coming back),back
You kept your heart on the counter in a Prada bag (In a Prada bag),bag
Beggin' on my knees on to the floor (To the floor),floor
"Now I don't even want you anymore, anymore",anymore
"Damn, my AP goin' psycho, lil' mama bad like Michael",michael
Can't really trust nobody with all this jewelry on you,you
"My roof look like a no-show, got diamonds by the boatload",boatload
Come with the Tony Romo for clowns and all the bozos,bozos
"My AP goin' psycho, lil' mama bad like Michael",michael
"Don't act like you my friend when I'm rollin' through my ends, though",though
"You stuck in the friend zone, I tell that four-five the fifth, ayy",ayy
"Hunnid bands inside my shorts, DeChino the shit, ayy",ayy
"Try to stuff it all in, but it don't even fit, ayy",ayy
"Know that I been with the shits ever since a jit, ayy",ayy
"I made my first million, I'm like, ""Shit, this is it,"" ayy",ayy
"30 for a walk through, man, we had that bitch lit, ayy",ayy
"Had so many bottles, gave ugly girl a sip",sip
"Out the window of the Benzo, we get seen in the rent'",rent
"And I'm like ""Whoa, man, my neck so goddamn cold""",cold
"Diamonds wet, my t-shirt soaked",soaked
"I got homies, let it go, oh",oh
"My money thick, won't ever fold",fold
"She said, ""Can I have some to hold?""",hold
And I can't ever tell you no,no
"The AP goin' psycho, my Rollie goin' brazy",brazy
"I'm hittin' lil' mama, she wanna have my babies",babies
"It's fifty on the pinky, chain so stanky",stanky
"You should see the whip, promise I can take yo' bitch",bitch
"Dolla ridin' in an old school Chevy, it's a drop top",top
"Boolin' with a thot-thot, she gon' give me top-top",toptop
"Just one switch, I can make the ass drop (hey)",hey
"Uh, take you to the smoke shop",shop
"We gon' get high, ayy, we gon' hit Rodeo",rodeo
"Dial up Valentino, we gon' hit Pico",pico
"Take you where I'm from, take you to the slums",slums
"This ain't happen overnight, no, these diamonds real bright",bright
"Saint Laurent jeans, still in my Vans though",though
"All VVSs, put you in a necklace",necklace
"Girl, you look beautiful tonight",tonight
"Stars on the roof, they matching with the jewelry",jewelry
"I've been waiting, I've been waiting for a long time",time
Such a long time,time
Such a long time (Ooh),ooh
"Ooh, this shit bliss, I'm so rich (turned as shit, ooh)",ooh
"Abs like Abercrombie Fitch (Damn, ooh)",ooh
Mille on my wrist,wrist
"Versace boxers on my dick (On my dick, damn)",damn
Bud Light running through my piss (Ooh),ooh
"On a yacht, fifty meters, insuffici— (insufficient)",insufficient
Fifty carats on my fist (On my fist),fist
"The roof go down when I hit switch (Ooh, bitch)",bitch
I money-ball like Bradley Pitt (Bradley Pitt yeah),yeah
I work so hard for all this shit (All this shit),shit
"Pumping out classics, in the Batmobile going bat shit",shit
Such a long time (damn),damn
"I've been waiting, I've been waiting for a long time (Such a long time)",time
Such a long time (Such a long time),time
"I'm in Saint-Tropez, I had to check wrist (Wow)",wow
I just bought my girl a new necklace (A new necklace),necklace
"I take 'em all, don't matter what the price is (What the price is)",is
I said I'm sorry mama for my vices (for my vices),vices
You'll never understand what my life is (what my life is),is
Shit I'm checking off my bucket list (My bucket list),list
"You try to give advice, I don't need it",it
I've been doing what I want since fetus,fetus
"What you call a holiday, I call another day",day
"And I ain't ever stopping, no apologies",apologies
"I've been waiting, I've been waiting for a long time (For a long time)",time
"I'm in Saint-Tropez, I had to check wrist",wrist
"Used to have friends, now I got enemies",enemies
"Used to keep 'em close, now they dead to me",me
"Enemies, yeah, so sad",sad
They said I would never get this far,far
"Think that we don't see who you are, are, are",are
"Laughing to the bank, like ha, ha, ha",ha
"That's it, I'm just talking too much, blah, blah, blah (Shut the fuck up)",up
"So, where did y'all go",go
"When I was shit broke, couldn't even buy smokes",smokes
Now your mama needs tickets to my stadium show,show
"She love it when she hear me on the radio, oh",oh
I know it's hard to swallow your pride,pride
Sorry that you can't get over me,me
"Now you're out my life, I'm so relieved, I",i
Money tend to show all their tendencies,tendencies
"Sometimes, every time they let me down",down
Close to my enemies (Let's go),go
I need better energy (Huh),huh
"When I told you, ""Fuck you"", you thought I was playin', huh? (Yeah, yeah)",yeah
But I meant that shit literally,literally
"She wanted to vibe, but I told her fuck that (Nope)",nope
She looked at me like she surprised,surprised
"The pack in the post and I'm home alone,",alone
"When the box hit the door, they go for 35",35
I try to put on for my partners they turn into enemies right before a nigga eye,eye
"You reach for a shake, I'ma hold out a fist, give a nigga a quarter pound without the fries",fries
I just went double platinum with no features just to show a nigga I don't really need him,him
"Pass a man a plate and he can make it shake, it's guaranteed to fold and bite the hand that feed him",him
And I know you think that I ain't see it,it
"And I know you bitch ain't got a car, don't make me go and buy a bitch a little Prius",prius
"Fuck her on the camera, we can call it even",even
"Friends are like the autumn, every year they leavin'",leaving
"And I'ma rake 'em in a pile, throw 'em in a bag",bag
Tie them bitches up and leave 'em,gem
'Cause most of these niggas are decievin',decieving
And I,i
It's too late to turn this shit around,around
Only held me down when you wanted me to drown,drown
So don't try and tell me that you're happy for me now,now
Money tend to show all they tendencies,tendencies
"My momma called, see you on TV, son",son
Said shit done changed ever since we was on,on
I dreamed it all ever since I was young,young
They said I would be nothing,nothing
"Now they always say, ""Congratulations"" (uh)",uh
"Worked so hard, forgot how to vacation (uh-huh)",uhhuh
They ain't never had the dedication (uh),uh
"People hatin', say we changed and, look, we made it (uh)",uh
"Yeah, we made it (uh)",uh
"They was never friendly, yeah",yeah
"Now I'm jumping out the Bentley, yeah",yeah
"And I know I sound dramatic, yeah",yeah
"But I know I had to have it, yeah",yeah
"For the money, I'm a savage, yeah",yeah
"I be itching like a addict, yeah",yeah
"I'm surrounded, twenty bad bitches, yeah",yeah
"But they didn't know me last year, yeah",yeah
Everyone wanna act like they important (yeah),yeah
"But all that mean nothing when I saw my dough, yeah (yeah)",yeah
"Everyone counting on me, drop the ball, yeah (yeah)",yeah
"Everything custom like I'm at the border, yah, yah",yah
"If you fuck with winning, put your lighters to the sky",sky
How could I make cents when I got millions on my mind?,mind
"Coming with that bullshit, I just put it to the side",side
"Balling since a baby, they could see it in my eyes",eyes
"Now they always say, ""Congratulations"" (congratulations)",congratulations
"Worked so hard, forgot how to vacation (ooh)",ooh
"They ain't never had the dedication (uh, ayy)",ayy
"Yeah, we made it (uh, yah)",yah
I was patient (yah),yah
"Uh, I was patient (ayy, uh)",uh
Now I can scream that we made it (we made it),it
"Now everywhere, everywhere I go, they say 'gratulation (uh)",uh
"Young nigga, young nigga, graduation (yah)",yah
"I pick up the rock and I ball, baby (ball)",ball
"I'm looking for someone to call, baby (brr)",brr
"But right now, I got a situation (ayy)",ayy
Never old Ben Ben Franklins (cash),cash
"Big rings, champagne (ooh, champagne)",champagne
My life is like a ball game (ball game),game
But instead I'm in the trap though (trap though),though
"Pot so big, call it Super Bowl (Super Bowl)",bowl
"Super Bowl, call the hoes (brr)",brr
Get in the Rolls (skrrt),skrrt
Top-floor lifestyle (top),top
"Huncho and Post (yah, ayy) Malone (ayy)",ayy
I gotta play on my phone (ayy),ayy
You know what I'm on (ayy),ayy
Huncho Houdini is gone (ayy),ayy
"Now they always say, ""Congratulations"" (ayy, uh)",uh
"Worked so hard, forgot how to vacation (uh-huh, ooh)",ooh
"They ain't never had the dedication (ayy, uh)",uh
"Yeah, we made it (ayy)",ayy
When I took a ride in the dead of night,night
Told myself that everything was okay,okay
Try to understand how you standin' over me,me
"Girl, it's drivin' me crazy",crazy
"Yeah, it's freezin' fuckin' cold in the dead of night",night
"The only heat, it come from the ashtray",ashtray
I might as well get high as hell and just keep actin' like,like
Everything doesn't phase me,me
"Yeah, take me all the way to the top, baby",baby
"Don't even if I tell you to stop, baby",baby
"Take me all the way to the sky, baby, baby",baby
I wanna go up there,there
And I don't ever wanna come down,down
I wanna see what's up there,there
Actin' like I got it all figured out,out
Must be better than the hell on the ground,ground
It's freezin' fuckin' cold in the dead of night,night
"And I'ma drop the top with no Rogaine (skrrt, skrrt, skrrt)",skrrt
And now might sound irrelevant but I prefer to stack my chips,chips
When everything fallin' (backwoods),backwoods
And I ain't religious but I look into the sky,sky
And pray to anyone holy,holy
I been drinkin' way too much and man I got the blues,blues
Because my baby don't hold me,me
I just came down from the high of my life,life
"I just, I just came down from the high of my life",life
"See us popping champagne, we could do it all night",night
"And if everything gone bad, we gon' make it alright",alright
How you expecting awards when you ain't put in work?,work
"And I just got off the phone, yeah, with my realtor",realtor
"And I've been eating so good that, bitch, my belly broke",broke
"And I might cop that Mulsanne cause, bitch, that Bentley talk",talk
Put that sauce on that bitch real quick,quick
Put that ice on that wrist real slick,slick
"Girl, I know you know my wallet's real thick",thick
"And I'm wonderin', wonderin' what you're drinking",drinking
"We don't fucking fuck with y'all, do we?",we
"We don't gotta stunt on y'all, do we?",we
Bring that money back to yours truly,truly
"When I'm rocking all my goddamn jewelry, yeah",yeah
"Hey, I just hopped out the foreign, looking so pretty, yeah",yeah
"And yeah, that watch on my arm look like a trillion",trillion
"You know that White Iverson, no, keep that jewelry tucked",tucked
"And I just bought out my brain, I feel like Bubba Chuck",chuck
"Girl, I'm zoned out, I feel my Xans",xans
Ain't nobody understand,understand
"It's you and I, go and call your friends",friends
Let's get a lot of kerosene,kerosene
You gon' ride that bump-and-grind,bumpandgrind
"Yeah, let me see that double-time",doubletime
"You ain't gotta tell them hoes because they know, yeah",yeah
When I'm rocking all my God damn jewelry,jewelry
"Tell me, who do you call?",call
When the night gets long,long
And you're sitting by the phone,phone
'Cause all those drugs wore off,off
"She said, ""Love me,"" so I love her",her
"She said, ""Leave me,"" so I left",left
Then I went to California,california
And I ain't never comin' back,back
I gotta high five from a brother,brother
I got bloodstains on the bed,bed
And I ain't sayin' that I love her,her
But this bitch is gonna drive me mad,mad
I said this bitch is gonna drive me mad,mad
You got just what I been looking for,for
But you can't bring yourself to say no,no
And I ain't never gonna let you go,go
"I kept wishing I would die, oh",oh
The whole plane ride home,home
And I wish I could,could
I know I should leave you alone,alone
I worship since I met you,you
I fell down to my knees,knees
And when no one would accept ya,ya
Throw myself up on a cross and bleed,bleed
I seen a dark cloud coming over,over
I seen some evil shit in her head,head
But she rode me like no other,other
And I've been looking for someone to put up with my bullshit,bullshit
I can't even leave my bedroom so I keep pouring,pouring
"And I ain't seen a light of day since, well that's not important",important
It's been long,long
"And I was feeling Whitney, me and my homies sip Houston",houston
"Cars and clothes, thought I was winning",winning
You knew I was losing,losing
"You told me to wake up, oh my clock always stays on snooze",snooze
And I'm done,done
To each their own and find peace in knowing,knowing
"Ain't always broken, but here's to hoping",hoping
"Show no emotion, against your coding",coding
And just act as hard as you can,can
You don't need a friend,friend
"Boy, you're the man",man
"Ooh, ooh, ooh, ooh, ooh, ooh-ooh",oohooh
"Ooh, ooh, ooh, ooh, ooh, ooh-ooh, ooh",ooh
And I've been looking for someone that I can buy my drugs from,from
"It seems like every plug ran east to Utah, became Mormons Drought comes around, feels like I have no one to depend on",on
"Sober, ugh",ugh
"I had 80 beers on Tuesday night, I had nothing to do with it",it
I put on a little Dwight and sang a happy tune,tune
"And lit a cigarette, stepped out the door, had an appearance",appearance
Drank more,more
Diamonds in my chain gold,gold
Every 20 minutes change clothes,clothes
I had a mil before the label,label
"Just as long as they know, money made me do it",it
I said rest in peace to Bankroll,bankroll
You in a better place dog,dog
You won't ever see me lay low,low
"Start the engine watch me take off, money made me do it",it
"I said, yeah, I said money made me do it",it
"Watch me, yeah, I said money made me do it",it
Take a ride when we wake up,up
Hit the gas melt your face off,off
Spend the day counting cake up,up
With a dime who think I changed up,up
I took the Lincoln down Rodeo,rodeo
Ran through it like some Drain-o,draino
Lots of bags can't complain though,though
We was shopping until they closed,closed
Why did I do that? Did I do that? Ooh yeah,yeah
"New whip now I can pay my rent, ooh yeah",yeah
Got a bandana round my neck,neck
Like Bankroll Fresh,fresh
Pocket full of street money,money
Bout to count my blessing,blessing
"One hundred, one thousand",thousand
"We smoke, we lay up, we rap",rap
We talked about a vision (switch it up),up
"I got diamonds like a rainbow, every time I change clothes",clothes
Shawty fucked my friend but I act like I ain't know,know
"I'ma buy a rain coat, the storm might approach you",you
Clown like your daddy met your mom at a circus,circus
"I do on purpose, do it for the neighborhood",neighborhood
"Smoking on that Meagan Good, with my niggas when I do it",it
"Got that leather and that wood, got the marble on the floor",floor
Got the burglar bars on the door at the bando,bando
Never know when someone comes and tries to take my life,life
I've been sleepin' with the .45 like every night,night
In the whip I pray to God I don't see flashin' lights,lights
"God damn, they right behind me",me
And I wake up everyday,everyday
I wake up every day,day
With this anxiety,anxiety
And they know where I stay,stay
"Got ""Malone"" on my plates",plates
And they followin' me,me
Two hundred bands under the floor of the kitchen,kitchen
A little more up in the walls and the ceilin',ceiling
Even family and friends started switchin',switching
"Ever since I got that check, seen 'em itchin'",itching
"Eyes open, I see you, I'm watchin' you, yeah",yeah
"More people wanna be, you don't trust no one",one
Tell me why I can get no relief,relief
Wonderin' when they'll come for me,me
A paranoid man makes paranoid plans,plans
"I'll do what I can, but it's out of my hands",hands
Strugglin' just to find my peace,peace
Sometimes feel like I got no friends,friends
"Can't trust a soul, like I'm Snowden",snowden
"Right by the bed, keep it loaded",loaded
Lord have mercy if they broke in,in
"I don't ever sleep, yeah, I'm wide awake",awake
If you try to pull up to my place,place
Beam is gonna hit you a mile away,away
"I promise, one of us gonna die today",today
Helicopters in the sky,sky
"No, he can't escape the eyes",eyes
Politicians and the lies,lies
"Tell me, what's the point in pickin' sides?",sides
Tell me why I can get no relief (I can't get no sleep),sleep
"Ayy, mind is runnin' all day",day
"Cost me more than money and I'm payin' the price, yeah",yeah
I ain't goin' nowhere,nowhere
"Killin' myself so I can make me a life, yeah",yeah
"Minute after minute, never had a limit",limit
"Woke up every mornin', knew that I just had to get it",it
"Windows always tinted, you ain't lookin' in it",it
"Either way, I know they'll come for me again",again
"Man, my life so sweet, I feel like Cody (Cody)",cody
"I wake up, I rinse my mouth up with fuckin' codeine (codeine)",codeine
"Thirty bottles, yeah the bill is on me (on me)",me
Been livin' fast so I can't take it slowly (slowly),slowly
"Man, my life so sweet, I feel like codeine (codeine)",codeine
"I wake up, I rinse my mouth up with codeine (codeine)",codeine
"We on a bender, we ain't gettin' no sleep (no sleep)",sleep
We turned the hotel lobby to a party,party
I'm whippin' a fo' and I can't whip no Beetle,beetle
I rock that Saint Laurent over my beater,beater
I like to stunt like I'm Evel Knievel (ooh),ooh
But it don't mean nothing without all my people,people
"When I step up on stage, hands up to the sky",sky
"Every little thing I do, they always analyze",analyze
Gave that bitch a little blow and then she come alive,alive
Started dancing on the table like she had on mine,mine
I don't fuck with nobody,nobody
Yeah you already know me,me
"What you take me for, no, I can't save you soul",soul
Please just leave me alone,alone
Made a hundred bands so all your hands out,out
"No my friend, can't do no handouts",handouts
"All these raps, they sound the same now",now
"Sayin' I'm to blame, don't y'all see me?",me
On the TV,tv
Multimillionaire by the time I'm 23,23
"Gettin' no sleep, ragin' for a week",week
I hit number one and I ain't even hit my peak,peak
I just had to tell you,you
"We ain't sleepin', we ain't sleepin', we ain't",aint
"We ain't sleepin', we ain't sleepin' tonight",tonight
"We ain't sleepin', we ain't sleepin', no way",way
Pour that drink 'cause we ain't sleepin' tonight,tonight
"Drinkin' all night, but we ain't done yet (yet)",yet
"Waitin' on the plug, but he ain't come yet (yet)",yet
Still need somethin'? Put your bank on it (bank on it),it
Got a big bag with a Bape on it (big bag),bag
Party ain't over if they say somethin' (say somethin'),something
No sleep 'til I've seen three suns (three suns),suns
Party gon' end with a threesome (threesome),threesome
"Raw dog, prolly have three sons",sons
"Chasin' the Perc' with somebody, that shit never lets me down (uhm)",uhm
"They go to work for some money, we make it from actin' out (uhm)",uhm
"Grrrrrah, we takin' shots right now (shots right now)",now
"Grrrrrah, yeah, we takin' shots right now (shots)",shots
See me in a 'Rari goin' vroom-vroom (skrrt skrrt),skrrt
Sexy motherfucker in a cartoon,cartoon
"Saint Laurent, 40, on a new suit",suit
"Sippin' Bud Light, that's a new cruise",cruise
"Baby, bust it open like woo-hoo",woohoo
The diamonds got cut like a boo-boo,booboo
"Pockets so fat, rock a muu-muu",muumuu
Me and Dre came for the pum pum,pum
"Drippin', drippin', drippin', women tryna take my millions",millions
Help my bro with Hannah since I'm Jason Williams,williams
"Heard that there's a party, I might pay a visit (visit)",visit
"That's a moment, hopped out frog like ribbit, ribbit (skrrt)",skrrt
"Drunk when I walked in the door, so fuckin' high like, ""Hello""",hello
"I told her pour me some more, then she went right for the blow (the blow)",blow
"30 more girls wanna roll, let's get this bitch on the road (on the road)",road
"Already losin' control, this is the life that we chose",chose
"Raw dog, prolly have three sons (three sons)",sons
"Frontin' on me, but you love it (love it)",it
Tryna act like you above it ('bove it),it
Everybody know you wanna rub it (rub it),it
Have you ever done it in public?,public
"Sippin' all night, let it rotate",rotate
"Baby, just for the night, you my soulmate",soulmate
Mixin' vodka with the champagne,champagne
Tell me how much liquor can a man take,take
How many records have I sold?,sold
"I don't even know, can't keep count (nope)",nope
You know that I've been on a roll,roll
Celebratin' life when I come around (come around),around
"Sippin' all night, sippin' all day",day
Brought the beerbong out like a tailgate,tailgate
Holdin' big words that I can't say,say
"Got me speakin' drunkanese, can you translate?",translate
Wasted on Sunday,sunday
Erase you on Monday,monday
"Allergic, allergic",allergic
Gave in by Friday,friday
Went straight back to sideways,sideways
I took your pills and your drugs,drugs
Just to feel something else,else
'Cause I can't feel you no more,more
So sad but true,TRUE
Friends with all my demons,demons
The only one who sees them,them
Too bad for you,you
Give a hundred million reasons,reasons
But why could you believe them?,them
Yeah we fight and we fuck,fuck
Until we open the cuts,cuts
And now we're soberin' up,up
But never sober enough,enough
Instead of holdin' me down,down
You're only holdin' me up,up
It shouldn't be so hard,hard
This is impossible love,love
"Said you needed a ride, but you wanted my car",car
"Without that face, girl, you wouldn't get far",far
"I really like you, despite who you are (Who you are)",are
"You see me on TV, you know I'm a star",star
"You say you don't know me, but I know that's false",FALSE
"I'll pay the price, girl, whatever that cost (What it cost)",cost
You make my life so hard,hard
But that's what gets me off,off
"I had a thousand bad times, so what's another time to me? (What's that to me?)",me
"You tried to blow my house down, but what's another house to me? (What's that to me?)",me
'Cause I can take anything that you give me (That you give),give
"It's gonna take a lot more to kill me, bitch",bitch
"So thank you for the grave, I needed me a place to sleep (Place to sleep)",sleep
And I don't wanna meet your mama (No),no
She pro'lly crazier than you (She pro'lly crazier than you),you
I'm gonna need some thicker armor (Armor),armor
To spend another night with you (And on and on and on),on
"Baby, I know just what to do",do
"Every time you fuck me over, I come back to you",you
"Baby, I don't wanna know the truth (Know the truth)",truth
I ignore them when they tell me all the shit you do (Shit you do),do
"I always get my heart broke, like I needed the practice",practice
Foot on my throat 'til my world is collapsing,collapsing
"Now this what I chose, it's the law of attraction, yeah (And on and on and on)",on
Now you make my life so hard,hard
"I should get out, but I still want more",more
"I should get out, what am I waiting for?",for
It's all the same to me,me
It's all a game to me,me
It's all the same,same
"We go there, oh",oh
We couldn't turn around till we were upside down,down
"I'll be the bad guy now, but know I ain't too proud",proud
I couldn't be there even when I try,try
"You don't believe it, we do this every time",time
Seasons change and our love went cold,cold
Feed the flame 'cause we can't let go,go
"Run away, but we're running in circles",circles
"Run away, run away",away
I dare you to do something,something
"I'm waiting on you again, so I don't take the blame",blame
"Run away, run away, run away",away
"Let go, I got a feeling that it's time to let go",go
"I said so, I knew that this was doomed from the get-go",getgo
"You thought that it was special, special",special
"But it was just the sex though, the sex though",though
And I still hear the echoes (The echoes),echoes
"I got a feeling that it's time to let it go, let it go",go
Maybe you don't understand what I'm going through,through
"It's only me, what you got to lose?",lose
"Make up your mind, tell me, what are you gonna do?",do
"It's only me, let it go",go
"Said you'd take a bullet, told me you would die for me",me
I had a really bad feeling you'd been lying to me,me
"We were on the low, but you were getting high with me",me
"When it's past 11, that's a different side, I see",see
"Said you'd die for me, you'd die for me, you'd die for me",me
"But you lied to me, you lied to me, you lied to me",me
"It was love at first sight, felt like you were chosen",chosen
"But that blood in your veins, yeah, I know it's frozen (It's so cold)",cold
"Got no patience no more, been waiting too long",long
You hid that shit away and I was the last one to know,know
"Bitch, aye, I heard you comin' in I was lying there, awake",awake
"Didn't know that it was you, got the gun right out the safe (Damn)",damn
Remember when you got my ass arrested? (Wow),wow
"At least when I was in jail, I got some rest in",in
"Ooh, I surrender, time to forget you",you
"I'm too tired to forgive you, it's too hard on my liver",liver
And you know it's all over now,now
"All your friends, you know, they sold you out",out
"Said you'd take a bullet, told me you would die for me (Die for me)",me
I had a really bad feeling you'd been lying to me (Lying to me),me
We were on the low but you were getting high with me (High with me),me
"Said you'd die for me, you'd die for me, you'd die for me (Die, die)",die
"But you lied to me, you lied to me, you lied to me (Lie, lie, lie, lie)",lie
"Said you'd die for me, you'd die for me, you'd die for me (Die, die, die)",die
"But you lied to me, you lied to me, you lied to me, yeah",yeah
"It was a V.I.P., happened to be one of my best nights",nights
"9 A.M., I came from out the club, it was daylight (Daylight)",daylight
"Got a bad girl, I was treatin' her too nice (I was treating her too nice)",nice
"Caught you bein' vulnerable, that ain't what I need (That ain't what I need)",need
"You just sold your soul, girl, quit cryin' (Sold your soul)",soul
"From your passport, it looks like you lyin' (You know you cold)",cold
"You broken down by your past, don't deny it (You know I know)",know
"Your ex called, you was vulnerable, you was flyin', nah (Flyin')",flying
"Wasn't on the best of terms, girl, I was tryin' (I was tryin')",trying
I did everything to reach out to you (I was reachin' out),out
Said you never had me caught up in no drama (No drama),drama
I done ran into my karma (I done ran into),into
I had a really bad feeling you been lying to me,me
We've been on the low but you been getting high with me,me
"Settle down, I'll spell it out, it's simple enough",enough
"I came around, I figured out, should follow my gut",gut
"I don't play anymore, I went through your phone",phone
And called the girls in your DMs and took all them home,home
And I know it's been a while since the last time you heard from me,me
Grew into a savage and that's why they gave this verse to me,me
"Turns out it shows, 'cause they turn out at shows",shows
I sold fifteen million copies of a break-up note,note
Brought some strangers in our bed so now you lost your right to privacy,privacy
Spilling all our secrets when you thought they'd probably die with me,me
Know you fuckin' love it on the low,low
"And you don't have to say I'm crazy, 'cause I know",know
"Nothing's changed, though",though
"When it's past 11, that's a different side I see",see
'Cause they ain't never seein' me fold under pressure,pressure
"They ain't ever, ever seen me fold, not never",never
"Always keep one up on 'em, 'cause I'm too clever",clever
"I will never, ever sell my soul not never",never
"'Cause I been on the road, been on the road, I",i
Quit actin' like you been with me this whole time,time
"Yeah, they bet I'ma fall",fall
"And I'm only 24, but bitch, I been through it all",all
"I got so many hits, can't remember them all",all
"While I'm takin' a shit, look at the plaques on the wall",wall
"Y'all just sit back, get your kick back",back
"Keep on actin' like you did that, got no respect",respect
"For nobody who's just fake in life, aye, aye",aye
You ain't really who you say you are,are
"So pick up the pace, there ain't no slowing me up",up
"Get the fuck out my face, can you stop blowing me up?",up
"'Cause my time is expensive, one mil a set list",list
"Bought a new car 'fore you woke up for breakfast, yeah",yeah
"Yeah, where you been?",been
When it was time to do some work and put it in,in
"I just be laughin' when I see 'em, look at them",them
Leave when I lose and pop back up as soon as I win,win
You ain't my day one and I know you not my friend,friend
So I can't judge you when you do some phony shit and just pretend,pretend
"Like you really down with me, because bein' loyal starts within",within
I seen that money overpower that love and turn it thin,thin
"But it ain't stop me, I just kept goin' up, took it on the chin",chin
"I wish every time they said I would fold, I'd make an M",m
"Fuck around be as rich as Jeff Bezos, say it again",again
"Never lose, I go overtime on 'em, stay in that gym, let's get it",it
I'm tired of bein' tired,tired
"This my last shot, you can't be mad, at least I tried",tried
"We supposed to be grown, but yet, you still actin' childish",childish
"I can get on the jet alone, I don't need no extra baggage",baggage
"This year turned into a savage, I got baguettes in my necklace",necklace
Driving fast and I won't crash it and I'm supposed to be sober,sober
"But some kind of way, I just keep getting loaded",loaded
It's gonna take more than some pressure to fold me,me
"Tried as hard as I can, but at this point it's outta my hands",hands
I ain't runnin' out of these bands for nothin' or no one,one
"She say I'm a dog, but it takes one to know one",one
"Been goin' hard, been by myself, I don't need no love",love
I feel you crumble in my arms down to your heart of stone,stone
You bled me dry just like the tears you never show,show
Why don't you take what you want from me?,me
Take what you need from me,me
Take what you want and go,go
I never needed anything from you,you
And all I ever asked was for the truth,truth
You showed your tongue and it was forked in two,two
"Your venom was lethal, I almost believed you",you
"Yeah, you preyed on my every mistake",mistake
Waited on me to break,break
Held me under hoping I would drown,drown
"Like a plague, I was wasting away, tryna find my way out",out
Find my way out,out
And it finally came the day,day
I start giving my heart away,away
"For heaven's sakes, my bones will break",break
"But you'll never own my soul, no",no
"I took them stones you threw, made chains for the crew (Ice)",ice
"I brought up ten hoes, this coupe only made for two (Yessir)",yessir
"They all ran through it, it ain't nothing left to do",do
I need some more reasons to live out this evening (Straight up),up
I been sipping forever and just taking whatever,whatever
"Hoping, thinking whenever you'll be back around",around
"Let's go our ways, whichever",whichever
You say how is however long,long
'Cause you know I'll never be alone,alone
Shorty gone back,back
Need it on sight,sight
Crack it all back,back
Give her that pipe,pipe
All of my gang,gang
Shorty went bad,bad
Why don't you,you
Whatever you need,need
"Pop the top, fill my cup up, yeah",yeah
"Keep 'em pourin' 'til I'm fucked up, oh yeah",yeah
"Diamond Simon with my shirt tucked, yeah",yeah
"Mink was 80K, that's fucked up, oh yeah",yeah
"Hey, I rock that shit, but not for long",long
Then I go cop another one,one
Some people think I'm living wrong,wrong
"We live this life, but not for long",long
"So I'm gonna be what I want, what I want, what I want, yeah",yeah
"I'm gonna do what I want, when I want, when I want, yeah",yeah
"I'm goin' hard 'til I'm gone, 'til I'm gone, 'til I'm gone, yeah",yeah
Can you feel it? Can you feel it?,it
"I'm gonna be what I want, what I want, what I want, yeah",yeah
"Hey, why you so mad?",mad
Never look back,back
"Can't let up the gas, we moving so fast, yeah, let's make it last",last
"Yeah, I'm on to you, mmm, mmm",mmm
"You're too comfortable, aye",aye
"Who you talkin' to? Mmm, mmm",mmm
"Ain't no time for you, aye",aye
"I do what I want, Tom Ford on a yacht (Ooh)",ooh
"Richard Mille my watch, thousand dollar Crocs",crocs
They tryna tell me that it's luck,luck
You probably think I made it up,up
"I got it all, it ain't enough",enough
But I'm still gonna run it up,up
"Ever since I got a taste, I been goin",goin
"Every chip out on the table, bitch, I'm all in",in
"Aye, I'm gonna be",be
"Bitch, I'm gonna be",be
"I'm gonna be what I want, what I want, what I want, yeah (God damn, God damn)",damn
I know you got a lot of shit you like to say,say
"Slow it down, think you're getting a little carried away",away
You're too close to the flame,flame
But you don't wanna turn around,around
Like you got me figured out,out
But girl what I can promise is I let you down,down
"So don't put up a fight, you'll get lost in the light",light
"If you keep staring at the Sun, you won't see",see
"What you have become, this can't be",be
Everything you thought it was,was
"Blinded by the thought of us, so",so
Give me a chance I will fuck up again,again
I warned you in advance,advance
But you just keep on staring at the Sun,sun
I know I got a lot of shit going on with me,me
Now we're free to loving anyone other than me,me
I try to rewind I reminded that time don't wait for nobody,nobody
"Can't get too close, no, let it go",go
'Cause I can count on you to let me down,down
"I won't put up a fight, I got lost in the light",light
Got a couple little things I would like to say,say
Today is not your day,day
You should walk away,away
"But you won't listen, you just keep on",on
"Staring at the Sun, you won't see",see
"Needless to say, I keep in check",check
"She was a bad-bad, nevertheless (yeah)",yeah
"Callin' it quits now, baby, I'm a wreck (wreck)",wreck
"Crash at my place, baby, you're a wreck (wreck)",wreck
"Needless to say, I'm keepin' in check",check
"She was a bad-bad, nevertheless",nevertheless
"Callin' it quits now, baby, I'm a wreck",wreck
"Crash at my place, baby, you're a wreck",wreck
"Thinkin' in a bad way, losin' your grip",grip
"Screamin' at my face, baby, don't trip",trip
"Someone took a big L, don't know how that felt",felt
"Lookin' at you sideways, party on tilt",tilt
Some things you just can't refuse,refuse
She wanna ride me like a cruise,cruise
And I'm not tryna lose,lose
Then you're left in the dust,dust
Unless I stuck by ya,ya
You're a sunflower,sunflower
I think your love would be too much,much
Or you'll be left in the dust,dust
You're the sunflower,sunflower
Every time I'm leavin' on you,you
"You don't make it easy, no, no",no
Wish I could be there for you,you
Give me a reason to go,go
Every time I'm walkin' out,out
I can hear you tellin' me to turn around,around
Fightin' for my trust and you won't back down,down
"Even if we gotta risk it all right now, oh",oh
I know you're scared of the unknown (-known),known
You don't wanna be alone (alone),alone
I know I always come and go (and go),go
But it's out of my control,control
And you'll be left in the dust,dust
I just seen lil mama on Instagram and she flashin',flashing
"Don't care about your puppy, just that ass and them breasts",breasts
"Oh girl, you a model? Damn, I never would've guessed it",it
"And if you tryna throw out all them vibes, I'ma catch 'em",em
The lifestyle we live is just too dangerous,dangerous
"Paranoid, since I been leakin' my shit",shit
Wonder if it'll come out on the web,web
And I can't help all these bitches on my dick,dick
Taking the photo and posting that shit,shit
Coming home late and I crawl into bed,bed
"She always be askin' me, ""Where have you been?""",been
The world has gone to shit and we all know that,that
"People freakin' out like, ""Hit the Prozac""",prozac
Leon DeChino shorts got all the blogs mad,mad
"Well, fuck the internet and you can quote that, whoa",whoa
"Instalove, well if ignorance is bliss, then don't wake me up",up
And I'll probably be the last to know,know
'Cause I don't get on the internet no more,more
Me and Kurt feel the same,same
Too much pleasure is pain,pain
My girl spites me in vain,vain
All I do is complain,complain
She needs something to change,change
Need to take off the e-e-edge,eeedge
So fuck it all tonight,tonight
And don't tell me to shut up,up
When you know you talk too much,much
But you don't got shit to say (say),say
I want you out of my head,head
I want you out of my bedroom tonight (bedroom),bedroom
There's no way I could save you (save you),you
'Cause I need to be saved too,too
I'm no good at goodbyes,goodbyes
We're both actin' insane,insane
But too stubborn to change,change
Now I'm drinkin' again,again
80 proof in my veins,veins
And my fingertips stained,stained
Looking over the e-e-edge,eeedge
Don't fuck with me tonight,tonight
"Say you needed this heart, then you got it (got it)",it
Turns out that it wasn't what you wanted (wanted),wanted
And we wouldn't let go and we lost it,it
Now I'm a goner,goner
I want you out of my head (head),head
'Cause I need to be saved too (saved too),too
I want you out of my life,life
I want you back here tonight,tonight
"I'm tryna cut you, no knife",knife
I wanna slice you and dice you,you
My argue possessive,possessive
It got you precise,precise
Can you not turn off the TV?,tv
I'm watchin' a fight,fight
I flood the garage,garage
"Blue diamond, no shark",shark
Your Barbie life doll,doll
Is Nicki Minaj,minaj
You don't need a key to drive,drive
Your car on the charger,charger
I just wanna see the side (yeah),yeah
The one that's unbothered,unbothered
And I don't want you to never go outside (outside),outside
"I promise if they play, my nigga slidin' (slidin')",sliding
"I'm fuckin' her, and the tour bus still ridin' (ridin')",riding
"Yeah, yeah, yeah, yeah, yeah",yeah
I want you out of my head (out of my head),head
I want you out of my bedroom tonight,tonight
"Goodbye, goodbye, goodbye",goodbye
"It's what it is, it's how I live",live
All the places I've been,been
I wish I could've been there myself,myself
"I made so much, spent so much",much
And I can't get enough,enough
Your second cousin lives in Orlando (Orlando),orlando
And yeah I just finished a show,show
People shoving shots down their damn throats,throats
"Some selling ""Yes"", but I'm gonna say no (Gonna say no)",no
And I can't get enough (Can't get enough),enough
All of this American dreaming,dreaming
Everybody sick of believing,believing
"Oh, let's not give a fuck, chill",chill
Giving a fuck has no meaning,meaning
"Oh, I'm sick of believing",believing
Giving a fuck has no meaning (Oh),oh
"Our love, will never be another",another
You're just a devil undercover,undercover
Found you when you were in the gutter,gutter
Shit was sweet until I was a sucker,sucker
Shout out Jonas Brothers,brothers
I learned more than I cared to discover,discover
Don't you know that I'm more than a come up,up
You act up then act like it's nothing,nothing
"Sold your soul, you Stone Cold, you a Stunner",stunner
"Every time you left, shit was never right",right
In another bed every single night,night
"Had it to a science, you were so precise",precise
"See it in your eyes, saw you in the light",light
"Somehow mami, I still want you",you
"Listen to me, don't drive away",away
"Kill me softly, your hold on me is",is
Something I can't explain,explain
I know you could never be my bitch,bitch
Shit could never be like this,this
"I know, stop thinking you're in my plans",plans
"Hunnid times, you blew another chance",chance
"I know, you were getting down on the low",low
Then running back to me in the morning,morning
"I know, shit could never be like this",this
"You could never be my bitch, no, no",no
Rather be single for life,life
Than be fucking with you,you
"I ain't rolling the dice, no",no
I ain't playing to lose,lose
"Hundred times, you blew another chance",chance
"Said she tired of little money, need a big boy",boy
Pull up 20 inch blades like I'm Lil' Troy,troy
"Now it's everybody flockin', need a decoy",decoy
"Shawty mixing up the vodka with the LaCroix, yeah",yeah
"G-Wagen, G-Wagen, G-Wagen, G-Wagen",gwagen
"All the housewives pullin' up (Up, up)",up
"I got a lot of toys, 720S bumpin' Fall Out Boy",boy
You was talkin' shit in the beginning (Mm-mm),mmmm
Back when I was feelin' more forgivin' (More forgivin'),forgiving
I know it piss you off to see me winnin' (See me winnin'),winning
"See the igloo in my mouth when I be grinnin' (I be grinnin'), yeah",yeah
"Hunnid bands in my pocket, it's on me",me
Hunnid deep when I roll like the army,army
"Get more bottles, these bottles are lonely",lonely
"It's a moment when I show up, got 'em sayin', ""Wow"" (Wow, wow)",wow
"Hunnid bands in my pocket, it's on me (On me)",me
"Yeah, your grandmama probably know me (Know me)",me
Everywhere I go (Hey),hey
Catch me on the block like I'm Mutombo (Wow),wow
750 Lambo in the Utah snow (Skrrt),skrrt
"Trunk in the front like that shit Dumbo, yeah",yeah
Cut the roof off like a nip-tuck,niptuck
Pull up to the house with some big butts,butts
"Turn the kitchen counter to a strip-club (Yeah, wow)",wow
Me and Dre came for the,the
"When I got guap, all of y'all just appeared (Wow)",wow
Before I dropped Stoney none of y'all really cared (Cared),cared
"Now they always say, ""Congratulations,"" to the kid (Kid)",kid
"And this is not a 40, but I'm pourin' out this shit (Yeah)",yeah
"Used to have a lot, but I got more now (Yup)",yup
Made another hit 'cause I got bored now (Yup),yup
"Always goin' for it, never punt fourth down",down
"Last call, Hail Mary, Prescott touchdown, ayy",ayy
Hunnid deep when I roll like the army (Hey),hey
"Hunnid bands in my pocket, it's on me (Yeah, yeah)",yeah
"Yeah, your grandmama probably know me (Yeah, yeah)",yeah
"It's a moment when I show up, got 'em sayin', ""Wow""",wow
"I don't wanna die too young, too young, too young",young
"Counting bands, hallelujah, 'lujah, 'lujah",lujah
"I've been grindin' way too long, too long, too long",long
"Came up, don't know, I just keep going with the flow",flow
I just wanna go and cop me somethin',something
"I hit Fairfax, go shoppin' though",though
"She just wanna hit that bathingroom, hold that guap like a register",register
"Keep on winning, need that guap though",though
"Like I'm cash out, eat at papadeauxs",papadeauxs
"Flowing on to the Galapagos, running and grab the dough",dough
"Man this shit never minimal, feel like an animal",animal
"Yeah bitch, I try to keep me cool, your life never going, never going back",back
"Yeah, I don't wanna die too young, I don't wanna die too young",young
When I get that cash it's hallelujah,hallelujah
"Aye hallelujah, aye hallelujah, aye hallelujah",hallelujah
"My whip fast, my bitch bad, I skrrr skrrr, that coupe fast",fast
"My coupe fast, your bitch know",know
"My bitch slow, she do what I say so and she always keep me on my toes",toes
"Poppin' that woe, man I be gone",gone
"Just watch me go, bitches they watching me go",go
"Walking around, aye I pick that band up, then I go drop that shit off",off
"Pull up in a Porsche, shit poppin' off",off
"Pop that shit off, I got that bitch off, I tell her to knock that shit off",off
And I got my nut off and she washed my nuts off,off
"I want that shit, I got that shit, pop that shit",shit
"Got rich quick, suck my...",my
You know it make me God damn numb,numb
When I see 'em die so God damn young,young
"She talkin' that noise, take her lovin' with the dawn, always talkin' on the phone",phone
"After we fuck in the morn' she wake up, she wearin' my clothes",clothes
She always be callin' my phone,phone
"She always be stealin' my clothes, yeah",yeah
"Askin' me how does it feel when you know you could buy it at the store, yeah",yeah
"Yeah, I'm bringin' that down to the floor",floor
I'm droppin' the foreign in foreign,foreign
"Hey, I came a long way on my own, ayy",ayy
"I'm doin' this shit on my own, ayy",ayy
"I don't give a fuck what I'm told, ayy",ayy
"I came a long way on my own, ayy",ayy
"Now her pussy made out of gold, ayy",ayy
"I swear her pussy all in my soul, ayy",ayy
She got that soldier,soldier
Four days a hundred thousand,thousand
Forever like a diamond,diamond
"She bring me back to life, yeah",yeah
I'm so fly I'm moshin',moshing
Quit talkin' all that nonsense,nonsense
I'm just tryna fuck you 'til you don't know nothin',nothing
"I cross my t's and dot my i's yeah I'm for real (yeah, I'm for real)",real
He hold me down (she hold me down),down
That's my shit (that's my shit),shit
"He buy whatever, he know the drill (know the drill)",drill
"Don't need no pill (no pill, no)",no
"He whispered in my ear and told me feel, feel, feel, oh, oh, oh",oh
He love that I say what I feel,feel
He feel what I say 'cause it's real,real
"You couldn't forget, I never changed up on my set",set
"And I only make calls to collect, that's why we connect",connect
"We can go half on a jet, baby we on to the next",next
Fuck all the stress,stress
Fuckin' with bitches who's new to the game when you got you a vet,vet
I know you like it when I act like I'm still shy,shy
Then turn around and put that thing in overdrive,overdrive
I'm down to ride,ride
I'ma keep you on my shoulder,shoulder
'Cause every cold nigga need a bitch that's ten times colder,colder
"Hey, fuck me 'til I can't see straight",straight
Make me think that hoe was a mistake,mistake
I just need to feel you all the time,time
"Ride hoe, ride hoe, alright, alright, alright",alright
"Lighting stog after stog, choke on the smoke",smoke
"They tell me to quit, don't listen to what I'm told",told
Help me forget that this world is so cold,cold
I don't even know what I'm chasin' no more,more
"Tell me what I want, just keep searchin' on",on
"It's never enough, cup after cup, blunt after blunt",blunt
"I wouldn't give one if I could find a fuck, ha, ha, ha",ha
In the cut and I put that on my mamma,mamma
And my bitch called talkin' bout some drama,drama
I swear there ain't no time for women on the come up,up
It's either the pussy or the commas,commas
Man I just wanna go flex,flex
Gold on my teeth and on my neck,neck
And I'm stone cold with the flex,flex
With my squad and I'm smokin' up a check,check
"Push the gas, get a motherfuckin' nose bleed",bleed
She ain't never met a youngin' do it like me,me
She got a man but she says she really like me,me
She doin' things to excite me,me
She sendin' all her friends snaps of my new tracks,tracks
'Cause all these hoes know what's about to come next,next
"I hit my plug up, got the paper connect",connect
I drop a couple bands I just wanna go...,go
Knowing all of this,this
Just don't make a difference,difference
I'm just talking shit to the ones that will listen,listen
"I come with the heat man, I swear I'm never missing",missing
And I'm still the same and I swear I'm never switching,switching
It just don't make a difference,difference
I know my wrist be dancin' crazy,crazy
Been on some fly shit lately,lately
Used to be so damn patient,patient
"But now it's ""Fuck you, pay me.""",me.
Can't let these motherfuckers faze me,me
Never let that money change me,me
Ain't the way my mama raised me,me
"Don't mean to brag, but can you blame me?",me
"200k and VVS, yellow diamonds",diamonds
They wanna run up but they won't ever find me,me
"I sleep right next to the F and N,",n
motherfuckers the government,government
Shut down all the plottin',plotting
"Fuck with them boys, touch your body",body
Lil mama just want my pockets,pockets
'Rari take off like a rocket,rocket
"Hol' up, you too close",close
"I don't know, I don't know ya'",yag
"Had to run it, run it up",up
"How I roll, how I roll, ya'",yag
It's like after you pop off,off
They all act like they know ya',yag
And Young Post be like Pablo,pablo
"And they all love the blow, yeah",yeah
"But now it's fuck you, pay me",me
Can't let these motherfuckers phase me,me
Don't mean to brag but can you blame me?,me
"200, swerving, dippin', dodge on the highway",highway
You may contain me but you won't never stop me,me
On her way to my residence,residence
"Try message your boo again, she pullin' up probably",probably
"Yeah, strally inside of that Bentley",bentley
"Yeah, come take it tat' on my belly",belly
"Yeah, people actin' too friendly man",man
"They tryna get dividends, this shit is a problem",problem
"Yeah, you just be talkin' shit but ain't ever met me",me
DeChino fucked your bitch and now you resent me,me
I know them people but they don't represent me,me
"Them wastemen, we're gonna make 'em all pay",pay
They will never stop the plan,plan
80 jumpin' off my hand,hand
"Rollie, rollie, rollie",rollie
Bust it open,open
Holy moly,moly
"She told me that I'm not enough, yeah",yeah
"And she left me with a broken heart, yeah",yeah
"She fooled me twice and it's all my fault, yeah",yeah
"She cut too deep, now she left me scarred, yeah",yeah
"Now there's so many thoughts goin' through my brain, yeah",yeah
"And now I'm takin' these shots like it's Novocaine, yeah",yeah
"Ooh, I fall apart",apart
Down to my core,core
"Ooh, didn't know it before",before
Surprised when you caught me off guard,guard
All this damn jewelry I bought,bought
"You was my shorty, I thought",thought
Never caught a feelin' this hard,hard
Harder than the liquor I pour,pour
Tell me you don't want me no more,more
But I can't let go,go
Everybody told me so,so
Feelin' like I sold my soul,soul
Devil in the form of a whore,whore
You said it,it
No you said it,it
No you said that shit,shit
We'd be together,together
Ice keep pourin' and the drink keep flowin',flowing
Try to brush it off but it keep on goin',going
Covered in scars and I can't help showin',showing
Whippin' in the foreign and the tears keep blowin',blowing
Ice keep droppin' and the drink keep flowin',flowing
"All these scars, can't help from showin'",showing
"Whippin' in the foreign and the tears keep blowin', yeah",yeah
"Yeah, my wrist so cold and my ice on froze",froze
And it's all for you,you
"Yeah, my ice so cold and my wrist on froze",froze
Yeah it's all for you,you
"Yeah, I'd die for you",you
"Yeah, stuntin', it's satisfyin' but it don't bring you closure",closure
"Diamonds my state of mind, I'm drownin' in the ocean",ocean
Just stay right where you are and don't come any closer,closer
I'm just gon' handle mine and just maintain composure,composure
"People, they say learn from mistakes, yeah",yeah
"You keep your space, yeah, but all this pain, yeah",yeah
"You say you go away, yeah, still hit my lane though",though
"You hurt so bad when you went away, yeah",yeah
"I needed you, needed you",you
So what the fuck do I do?,do
"Oh my God, oh my God",god
A lot of bullshit on my mind,mind
I think about you all the time,time
And I don't care 'bout no money,money
Leave a knot up in my throat,throat
Now I'm counting on my own,own
"Yeah, my ice so cold and my wrist so froze",froze
"My jewelry on, like an ice cube",cube
And all I wanna do is just ignite you,you
"This Saint Laurent, mama, you look nice too",too
"Can't hold my tongue, don't got the heart too",too
Remember when I fell in love?,love
I just came up alone,alone
"Remember aim three, my fault",fault
Told that bad bitch get on my Vlone,vlone
"Hey, don't have much to do, yeah",yeah
Everything is ruined,ruined
Ain't no secret to it,it
"Thrown the check like a Nike, I just do it",it
"Hoe, I look so clean and motherfuckers just talkin'",talking
"Show up at the spot and now everyone, they all watchin'",watching
"Don't wanna prove you wrong but shit, you leave me with no option, yeah, yeah",yeah
"Everybody asking ""Post, when is the album droppin'?""",dropping
"Ever since the very first day at it, I been poppin'",popping
"Ooh, swingin' in a four-door",fourdoor
Now they takin' photos,photos
"Bottles, we need more of those, ooh",ooh
Say she bring it a little shorter,shorter
He be on the boarder,boarder
"She always bring four rolls, oh yeah",yeah
Everything that I went for,for
Waited so long to get on,on
The Caddy just sits on the chrome,chrome
I swang through on dubs on the four,four
Baby wanna get in this S-Class,sclass
"Lil' momma, she just wanna go fast",fast
"You know, baby, you don't get a free pass",pass
"So I told her ""Ass, gas or grass""",grass
Rolex with the diamonds keep me shining,shining
Gotta have perfect timing when I'm riding,riding
"Brand new Aston Martin with no mileage, ooh, ooh, ooh yeah",yeah
"Hoe, I'm so clean and motherfuckers just talkin'",talking
Less you hoppin' in a old-school,oldschool
Swimmin' in the car pool,pool
Everything is all cool,cool
And she told me not to tell,tell
With the rumors that I heard,heard
She said everything was all true,TRUE
"Baby, wanna get in this S-Class",sclass
"Just me and lil' momma, yeah",yeah
Ridin' around LA,la
"We run the city, yeah",yeah
"Brand new Aston Martin with no mileage, oh oh",oh
So come hop in that ooh,ooh
What do you wanna do?,do
Put that dime in my coupe,coupe
"With that gold on my tooth, oh yeah",yeah
Cause I can't take it no more,more
No you ain't like them bitches,bitches
Tell them hoes adios,adios
And you can drop your panties,panties
Leave them shits at the door,door
Dior falls on the floor,floor
I swear we been here before,before
I'm tryna see you from my own perspective,perspective
You all in my section tryna come to my session,session
"We runnin' a pressure, you know that we flexin'",flexing
"We bought all the bottles, we came with the models",models
"Girl this a confession, I'm not like your exes",exes
"I came in from Texas, and now that we textin'",texting
"You can fly in whenever, now you undressin'",undressing
"Panties on the dresser, your hair gettin' messed up",up
"The feelin' we catchin', my love is a blessin'",blessing
"Made love in that Lexus, made love in that Lexus",lexus
I know you remember,remember
Tell me is that deja vu?,vu
Cause you want me and I want you,you
"Cause baby it ain't nothing new, no",no
"Cause baby this ain't nothing new, no",no
Oh you actin' reckless,reckless
I told you that I need affection,affection
So let me point you in the right direction,direction
It's so important that you get the message,message
"Yeah, I gotta say, gotta say somethin' to you, you, you",you
"I'm on a roll, I'm gonna roll out in that new, new, new",new
If you wanna do what I wanna do,do
Well uhm-uhm-uhm,uhmuhmuhm
Well I guess that's just deja vu,vu
"Cause baby it is ain't nothing new, no",no
Tell me if you want it baby,baby
'Cause I know I can drive you crazy,crazy
I just wanted you to know now,now
"Oh-oh, oh-ohhh",ohohhh
"Show up in that new Mercedes, you already know I'm faded",faded
Girl I've been thinkin' about you lately,lately
"Run it up, run it up",up
"Count it up, count it up",up
'95 in my cup,cup
Nicotine in my blood,blood
"Go, run it, run it",it
"Count it, count it",it
"Go, show me something, aye, aye",aye
"Go, talkin' that shit",shit
Keep on barkin' lil' bitch,bitch
"Bitches tryna get lit, damn",damn
Rosé poppin' with the Balmain on me,me
And I keep on callin',calling
And they know that I don't answer my cell,cell
"No, I don't know your momma",momma
I got so much commas,commas
"Girl, you know I'm only into myself",myself
"Say you flexin', that's a big lie",lie
"When I pull up, get this bitch live",live
"And you know that Imma get mine, yeah, yeah",yeah
Say you got that shit you don't got,got
"Heard you say that shit a hundred times, yeah, yeah",yeah
Valet the park on the whip,whip
"The Caddy, the '76",76
My woman gon' box on a bitch,bitch
They don't want no part in that shit,shit
"I got my money jumpin', I'm proud for ballin' on Fade",fade
"Didn't watch the game, you can see that shit on replay",replay
I just drop the top and I pull up to your party,party
"I just grab a Bud and I pop the top on you, pour that water",water
"And I know who we are, yeah",yeah
And I know that we ballin',balling
When you wanna get this money,money
"I don't want your bitch, just know it",it
And I know who we are yeah,yeah
I done drank Codeine from a broken whiskey glass,glass
I done popped my pills and I smoked my share of grass,grass
Slaved for the man and I broke my fuckin' back,back
So you can take your nine-to-five and shove it up your ass,ass
"And I won't go on, like a highway to hell",hell
"Going too damn fast, I spilled drink on my Chanel",chanel
And I woke up and my room's fuckin' trashed like a damn hotel,hotel
"Where I go next, now, only time will tell",tell
I done spent some time chasin' women that don't give a shit,shit
I done learned my lessons and I ain't never gon' forget,forget
"Started callin' this shit, started ballin' and shit, started flickin' that wrist",wrist
They ain't never listened now I'm makin' them hits so I'm fuckin' your bitch,bitch
No it ain't nothin' fickle for me to forget that you ever exist,exist
"Bet you remember my name when I pull up and dab with that, doesn't exist, skrrr",skrrr
"Spill lean on supreme last Saturday, let that shit splash, motherfucker talk saucey",saucey
"Pass me the drugs, motherfucker let me shine",shine
"At the White House, call my homie Joe Biden, he flyin' out weed",weed
"Smokin' my dope, beggin' that that be the code",code
"Man, don't be silly, that shit you rockin' is old",old
Like it's been years since you been to the store,store
Feel like Meek Milly but I ain't from Philly,philly
"I'm poppin' a wheelie, I show off my grillie",grillie
I do this for really and for my family,family
"Some shade every night, man, it's all so familiar",familiar
The bitches they killin' me,me
"Like, bitch are you kiddin' me?",me
"Ballin', that shit, that shit killin' me",me
You can't get rid of me,me
Now you want my chain and my jeans but you no good at chemistry,chemistry
"Oh God, oh God save me",me
No I ain't gonna die for my baby,baby
"20 dollars, keeping me eating",eating
Might just eat the apple from the garden of Eden,eden
"The way she call my name, the way she call my name",name
"The way she call my name, I pray I'll be the same",same
Ain't no love for the ones who betray me,me
"Drop top, horses run, power steering",steering
Drive like hell to get away from this feeling,feeling
"Try take my soul away, yeah bitch make my day",day
I got bands,bands
Broke boys coming to me with their open hands,hands
And I ain't trippin',tripping
I'm just saying now everybody wanna be my friend,friend
I finally fell in love,love
Now all these bitches wanna come and fuck up my plans,plans
I'm just trying to be who I am,am
It's just something they will never understand,understand
They will never understand,understand
"Same life, getting rich, whoa I got a fuckin' problem",problem
"Trying to flex up on young posty, we gon' tell them what's up",up
"We gon' tour motherfucker, came up, I ain't lonely",lonely
"Gotta problem Santiago, 45 by the gut",gut
"Post and 1st, we in the cut, we were smoking on the woods",woods
And they think it smells good and they all want a puff,puff
"Said they see me at the show, they was in the front row",row
"They wanna fuck, I told them bitches come and jump on my bus",bus
We got molly and we got Xans,xans
And we got drank and we got plants,plants
And we got white and we got gas,gas
And it's just something they will never understand,understand
They used to didn't love me now they calling me the man,man
"Baby where are you going? Love, you know I got a plan",plan
"I can elevate your life, your life",life
"Keep them niggas far away, they praying on my downfall",downfall
You don't fuck with me the long way so baby what you here for?,for
"It could be so simple, meet me out in Frisco",frisco
"Yeah yeah, yeah-hey",yeahhey
Calculate your steps and keep your circle small,small
Understand that nothing lasts forever,forever
Glamorization of this lifestyle will leave you desperate,desperate
"Said I wanna get with you, (I wanna get with you)",you
"Lil mama bust a move, (lil mama bust a move)",move
"All these jewels, I'm just flossin'",flossing
Plainly on my boss shit,shit
Bad bitch on my carpet,carpet
"All white, I'm so on God shit",shit
Hundred miles get caught shit,shit
"Off a pill, feel nauseous",nauseous
Ain't babysittin' these bitches,bitches
I ain't Kevin Costner,costner
No sayin' got her brain lit,lit
Wanna fuck? I'm almost famous,famous
"She blow this thing, get faded",faded
Lil mama say that I'm jaded,jaded
Maybe you saw that I'm payed up,up
"Your man, he keep you so caged up",up
I won't tell who you stay with,with
That's on everyone that I came with,with
You know after we done I gotta roll,roll
You know after we done I gotta go,go
I'm the fuckin' man,man
Jumpin' out the Benz,benz
Every time you see,see
I post these hundreds in my pants,pants
I'll do what he can't,cant
Just wanna see you dance,dance
Do something with that ass,ass
Girl put something in my hands,hands
"Shake, shake, shake, shake, shake",shake
Don't be shy girl it's okay,okay
"Reload, fade, fade, fade, fade, fade",fade
"How much did you pay, pay, pay?",pay
I'ma let you in my chain,chain
Just might let you sip this 'pagne,pagne
Every single night the same,same
Lemme hear you say my name,name
Where the hell you get that from?,from
Saucin' on them hoes cause that ass so dumb,dumb
Everyone here wanna hit that yum,yum
"Yeah, yeah, god damn",damn
Saucin' on them hoes cause my ice so dumb,dumb
"Everyone know 'bout my bread, got some",some
"Bustin' out the, hoo hey",hey
I just keep on blastin' out the pussy and,and
"God damn, bustin' out the, hoo hey",hey
"I just fucked my bitch, rockin' Stüssy, yeah",yeah
"Ooh, drop em' all to keep my sauce",sauce
"She really ain't shit, bitch, I dropped it all off",off
Hit the strip club and blow it all off top,top
Cause I will never love a damn hoe in my life,life
God damn,damn
"Okay, I pulled up, dropped the top",top
"Everybody looking, wonder who I am",am
"She get out, ass big",big
"Everybody looking like, ""God damn""",damn
And she say she want a nigga who,who
Can handle everything with other men (that's me),me
Then she topped me off and turned around,around
"Said, ""Take it daddy,"" so I went Super Saiyan",saiyan
"Flavor last forever, any bitches know you weak (lame)",lame
I'm so in love with making money that I can't sleep,sleep
"Excuse me, sir, can I have my sauce back?",back
"Trynna run off with my sauce, you need to bring it back",back
40 got me funky,funky
I popped a molly,molly
Went kamikaze,kamikaze
Another 40,40
I'm Michael Jordan and bitch I'm scoring,scoring
Drank two 40's,40s
"My bitch is foreign, she got deported",deported
"Thousand ounces, police is knocking",knocking
Ain't got no worries,worries
Feeling funky,funky
"I popped a molly, went kamikaze",kamikaze
I'm Kyrie Irving and bitch I'm scoring,scoring
"Drank two 40's, my bitch is foreign",foreign
She got deported,deported
"Thousand ounces, this shit still popping",popping
"I popped a molly, switching lanes",lanes
I'm a pull up in this bitche's Audi,audi
Lean in sprite and gin in tonic,tonic
These bitches erotic,erotic
She just wanna get inside my motherfucking pocket,pocket
"Another 40, I should stop it",it
Two thousand ounces of this shit will make you feel like vomit,vomit
"But I don't mind it, I kinda like it",it
Young and wild,wild
"We killing shit, we live this shit",shit
I ain't go to the school,school
They asking how I live like this,this
"I did my shit, 19 this year",year
And I'm only getting older til' I'm in the dirt,dirt
How I hold a girl with two 40's all in my hand,hand
"But pull up on me, try me, you can catch the fade my man",man
You and your friends,friends
Gimme the 40,40
"So I can be cool, yeah",yeah
"Pass me the molly, eh",eh
"I wanna them too, no",no
I can't get enough,enough
"Man, I'm popping them shits and I'm dropping them hits",hits
The music the liquor that's why I exist,exist
"And the money, let's skip the obvious shit",shit
Ain't living too long if I'm living like this,this
Early morning waking up with the sweats,sweats
Going through shit I ain't never forget,forget
But nothing I do will I ever regret,regret
"I need me that cheque, I need me that chronic",chronic
I don't remember tell me what's my name?,name
"Drinking, swerving in the other lane",lane
Fuck a Zulu drinking acid rains,rains
"I feel like Monte, bitch I feel like Monte",monte
"I need my bucks, bitch I feel like Monte",monte
"Smoke Golden State oh, bitch I feel like Monte",monte
"Assist from Rondo, bitch I feel like Monte",monte
"Don't give no fucks no, bitch I feel like Monte",monte
"I just flew into town, fresh of the jetty",jetty
And then I Rondo my hoe I know she ready,ready
"Bitch I'mm sauce on them hoes, might spend some ready",ready
And I just cut that hoe off like a machete,machete
I'm a new 3 boy white boy braids,braids
And I hit that shit good tell that pussy go away,away
She just want to come with me but that pussy ain't a no no way no way,way
Bitch I feel like Monte,monte
I dog it like rewind it,it
Behind the back I pass it Tyson Chano with that alley,alley
Woah damn I got bitches from Dallas up to Indy,indy
Used to cross up and post when I pour fours in my Phantom,phantom
Bitch I ball like Kyle Korver when I post up in Atlanta,atlanta
I feel like Monta Ellis,ellis
I got more hoes than Elvis,elvis
Who the fuck say the little boy wasn't balling,balling
I balling like Spalding you know this shit,shit
I won't sign no contract 'til my contract built like a nigga who just won 4 and shit,shit
I'm first round pick you can check my diamonds they shining they big as a toe and shit,shit
Bitch we biting like Gators,gators
I count up my guap on them haters,haters
I love them hoes that mean I feel like I'm Monta Ellis,ellis
Had to cut some niggas off cause they was jealous,jealous
Bitch I'm up by 10 ain't no coming back you know that I'm finna win,win
Bitch its Lil Boat for the MVP,mvp
All these niggas they want to be,be
I'm in a four door down rodeo,rodeo
"I'm getting fucked up, I'm losing control",control
"I'm bumping Fleetwood, she tryna turn off my song",song
She keep asking where the party at,at
I got a flask full of vodka in my passenger seat,seat
My homie got a mansion says that we could crash it for free,free
We gotta take the phones because we can't let nobody see,see
We pop a pill since you ain't have not a thing to eat,eat
Thunder only happens when it's raining,raining
And players only love you when they're playing,playing
"Say women, they will come and they will go",go
When the rain washes you clean you'll know,know
You will know,know
"'Cause I got dreams, don't hold me down",down
"So I'mma let you free, don't wanna hold you out",out
I'mma leave when the sun comes,comes
I thought that I would learn by now,now
I thought that I would never come down,down
Just last night we was going so hard,hard
But now I can't feel my heart,heart
"Let me down easy, don't let me down rough",rough
"Don't let me go to sleep, getting up is gon' be tough",tough
"They was all acting sleazy, they all said I was the one",one
"And with any damn luck, I'mma wake up with the sun",sun
Hope I wake up with the sun this morning,morning
I hope I wake up with the sun this morning,morning
"And let it pour, let it pour, let it pour, let me roll",roll
"Man, I'm on a roll I'm so up in my zone",zone
They thought that I was fucking done with Iverson,iverson
"But I'm still balling on these bitches, let them know",know
"I just want everything, I want it all in advance",advance
They just want me to call it quits,quits
Ho we just roll up a cig,cig
Lil Posty don't fuck with y'all,yall
Never been fuckin' with y'all,yall
We pull up they standing in awe,awe
Yeah your bitch she know who we are,are
"Don't let me go to sleep, getting up is gonna be tough",tough
I just want to see you (Damn),damn
Something I can see through baby (Man),man
You make my dreams come true,TRUE
Can I...,i
"Can I (Aw Yeah), I just",just
I just,just
Baby can I come and see you,you
"I just, I just",just
Girl you seem always on the move,move
"I just cannot, uh, figure out what to do",do
"And I just, I just, uh, cannot let you go on your own",own
"Eh, why you got to be so inconsiderate wit' it",it
Know that you mean more than any one of these bitches,bitches
Its like you wanna see me go and hop off some bridges,bridges
Emo pussy woulda' gone and cut up ones wrists,wrists
Instead I'm going to drop a hundred bands on a whip,whip
"Only way I know to get my brain off of shit, eh",eh
"I just want to see you, maybe talk about shit",shit
"I just want to see ya, you might feel for the kid",kid
It's you that I have been searchin' for,for
Just let me know what's good with y'all,yall
Can't keep on going back and forth,forth
"Won't let you, won't let you",you
I just...,just
"You're making my dreams come true (Oh Yeah, Oh Yeah)",yeah
Cause I just want to see you (Hey),hey
Something I can see through baby,baby
"You make my dreams come true (Oh Yeah, Oh Yeah)",yeah
"I just, can I",i
Can I come and see you,you
"I just, something I can see through baby, I just",just
"Make my dreams come true (Oh Yeah, Oh Yeah)",yeah
"You're walking alone, you're walking alone",alone
"I hate when you walk, at least talk on the phone",phone
"There's some creeps in this zone, you said joker shut up I should know how to walk",walk
"I come from the bronx, I said baby its cool you know I like your talk",talk
"We keepin' it cool, we keepin it, keep it",it
"I just, I just want to see you (Damn)",damn
Imma' never be alone,alone
When you're walkin' down the road,road
